-- MySQL dump 10.13  Distrib 8.0.36, for Win64 (x86_64)
--
-- Host: localhost    Database: sjsd
-- ------------------------------------------------------
-- Server version	8.2.0

/*!40101 SET @OLD_CHARACTER_SET_CLIENT=@@CHARACTER_SET_CLIENT */;
/*!40101 SET @OLD_CHARACTER_SET_RESULTS=@@CHARACTER_SET_RESULTS */;
/*!40101 SET @OLD_COLLATION_CONNECTION=@@COLLATION_CONNECTION */;
/*!50503 SET NAMES utf8 */;
/*!40103 SET @OLD_TIME_ZONE=@@TIME_ZONE */;
/*!40103 SET TIME_ZONE='+00:00' */;
/*!40014 SET @OLD_UNIQUE_CHECKS=@@UNIQUE_CHECKS, UNIQUE_CHECKS=0 */;
/*!40014 SET @OLD_FOREIGN_KEY_CHECKS=@@FOREIGN_KEY_CHECKS, FOREIGN_KEY_CHECKS=0 */;
/*!40101 SET @OLD_SQL_MODE=@@SQL_MODE, SQL_MODE='NO_AUTO_VALUE_ON_ZERO' */;
/*!40111 SET @OLD_SQL_NOTES=@@SQL_NOTES, SQL_NOTES=0 */;

--
-- Table structure for table `address`
--

DROP TABLE IF EXISTS `address`;
/*!40101 SET @saved_cs_client     = @@character_set_client */;
/*!50503 SET character_set_client = utf8mb4 */;
CREATE TABLE `address` (
  `address_id` int NOT NULL AUTO_INCREMENT,
  `user_id` int DEFAULT NULL,
  `recipient_name` varchar(255) NOT NULL,
  `recipient_phone` varchar(20) NOT NULL,
  `address_line` varchar(255) NOT NULL,
  `is_default` tinyint(1) DEFAULT '0',
  `is_deleted` tinyint(1) DEFAULT '0',
  PRIMARY KEY (`address_id`),
  KEY `user_id` (`user_id`),
  CONSTRAINT `address_ibfk_1` FOREIGN KEY (`user_id`) REFERENCES `user` (`user_id`)
) ENGINE=InnoDB AUTO_INCREMENT=61 DEFAULT CHARSET=utf8mb4 COLLATE=utf8mb4_0900_ai_ci;
/*!40101 SET character_set_client = @saved_cs_client */;

--
-- Dumping data for table `address`
--

LOCK TABLES `address` WRITE;
/*!40000 ALTER TABLE `address` DISABLE KEYS */;
INSERT INTO `address` VALUES (1,1,'张三丰','13100000001','北京市海淀区中关村大街1号',1,0),(2,1,'张三丰','13100000001','北京市朝阳区望京SOHO塔1',0,0),(3,2,'李小龙','13100000002','上海市浦东新区世纪大道1号',1,0),(4,2,'李小龙','13100000002','上海市徐汇区漕溪北路1号',0,0),(5,3,'王二小','13100000003','广州市天河区珠江新城华夏路10号',1,0),(6,3,'王二小','13100000003','广州市白云区白云大道北白云堡道1号',0,0),(7,4,'赵四','13100000004','深圳市南山区深南大道9999号',1,0),(8,4,'赵四','13100000004','深圳市福田区福华路1号',0,0),(9,5,'孙悟饭','13100000005','杭州市西湖区文三路478号',1,0),(10,5,'孙悟饭','13100000005','杭州市滨江区江南大道1号',0,0),(11,6,'周树人','13100000006','成都市武侯区人民南路四段27号',1,0),(12,6,'周树人','13100000006','成都市锦江区红星路三段1号',0,0),(13,7,'吴承恩','13100000007','重庆市渝中区解放碑邹容路50号',1,0),(14,7,'吴承恩','13100000007','重庆市江北区观音桥步行街8号',0,0),(15,8,'郑和','13100000008','武汉市武昌区中北路1号',1,0),(16,8,'郑和','13100000008','武汉市汉阳区鹦鹉大道1号',0,0),(17,9,'王昭君','13100000009','西安市雁塔区雁展路1号',1,0),(18,9,'王昭君','13100000009','西安市碑林区南大街8号',0,0),(19,10,'陈世美','13100000010','长沙市芙蓉区五一大道176号',1,0),(20,10,'陈世美','13100000010','长沙市岳麓区麓谷大道19号',0,0),(21,11,'林黛玉','13100000011','南京市玄武区珠江路699号',1,0),(22,11,'林黛玉','13100000011','南京市秦淮区夫子庙贡院街1号',0,0),(23,12,'韩愈','13100000012','苏州市姑苏区干将西路515号',1,0),(24,12,'韩愈','13100000012','苏州市工业园区金鸡湖大道1号',0,0),(25,13,'杨玉环','13100000013','沈阳市和平区青年大街286号',1,0),(26,13,'杨玉环','13100000013','沈阳市沈河区中街路115号',0,0),(27,14,'朱熹','13100000014','成都市武侯区人民南路四段27号',1,0),(28,14,'朱熹','13100000014','成都市锦江区红星路三段1号',0,0),(29,15,'秦桧','13100000015','杭州市西湖区文三路478号',1,0),(30,15,'秦桧','13100000015','杭州市滨江区江南大道1号',0,0),(31,16,'许三观','13100000016','武汉市武昌区中北路1号',1,0),(32,16,'许三观','13100000016','武汉市汉阳区鹦鹉大道1号',0,0),(33,17,'何仙姑','13100000017','重庆市渝中区解放碑邹容路50号',1,0),(34,17,'何仙姑','13100000017','重庆市江北区观音桥步行街8号',0,0),(35,18,'吕洞宾','13100000018','西安市雁塔区雁展路1号',1,0),(36,18,'吕洞宾','13100000018','西安市碑林区南大街8号',0,0),(37,19,'施耐庵','13100000019','长沙市芙蓉区五一大道176号',1,0),(38,19,'施耐庵','13100000019','长沙市岳麓区麓谷大道19号',0,0),(39,20,'张无忌','13100000020','南京市玄武区珠江路699号',1,0),(40,20,'张无忌','13100000020','南京市秦淮区夫子庙贡院街1号',0,0),(41,21,'孔明','13100000021','苏州市姑苏区干将西路515号',1,0),(42,21,'孔明','13100000021','苏州市工业园区金鸡湖大道1号',0,0),(43,22,'曹操','13100000022','沈阳市和平区青年大街286号',1,0),(44,22,'曹操','13100000022','沈阳市沈河区中街路115号',0,0),(45,23,'华佗','13100000023','成都市武侯区人民南路四段27号',1,0),(46,23,'华佗','13100000023','成都市锦江区红星路三段1号',0,0),(47,24,'金兀术','13100000024','杭州市西湖区文三路478号',1,0),(48,24,'金兀术','13100000024','杭州市滨江区江南大道1号',0,0),(49,25,'魏征','13100000025','武汉市武昌区中北路1号',1,0),(50,25,'魏征','13100000025','武汉市汉阳区鹦鹉大道1号',0,0),(51,26,'陶渊明','13100000026','重庆市渝中区解放碑邹容路50号',1,0),(52,26,'陶渊明','13100000026','重庆市江北区观音桥步行街8号',0,0),(53,27,'姜子牙','13100000027','西安市雁塔区雁展路1号',1,0),(54,27,'姜子牙','13100000027','西安市碑林区南大街8号',0,0),(55,28,'戚继光','13100000028','长沙市芙蓉区五一大道176号',1,0),(56,28,'戚继光','13100000028','长沙市岳麓区麓谷大道19号',0,0),(57,29,'谢安','13100000029','南京市玄武区珠江路699号',1,0),(58,29,'谢安','13100000029','南京市秦淮区夫子庙贡院街1号',0,0),(59,30,'邹忌','13100000030','苏州市姑苏区干将西路515号',1,0),(60,30,'邹忌','13100000030','苏州市工业园区金鸡湖大道1号',0,0);
/*!40000 ALTER TABLE `address` ENABLE KEYS */;
UNLOCK TABLES;

--
-- Table structure for table `merchant`
--

DROP TABLE IF EXISTS `merchant`;
/*!40101 SET @saved_cs_client     = @@character_set_client */;
/*!50503 SET character_set_client = utf8mb4 */;
CREATE TABLE `merchant` (
  `merchant_id` int NOT NULL AUTO_INCREMENT,
  `merchant_username` varchar(255) NOT NULL,
  `merchant_password` varchar(255) NOT NULL,
  `merchant_name` varchar(255) DEFAULT NULL,
  `merchant_avatar` varchar(255) DEFAULT NULL,
  `merchant_address` varchar(255) DEFAULT NULL,
  `phone_number` varchar(20) DEFAULT NULL,
  `opening_hours` varchar(255) DEFAULT NULL,
  `type_id` int DEFAULT NULL,
  `merchant_description` text,
  `is_open` tinyint(1) DEFAULT '1',
  `delivery_fee` decimal(10,2) DEFAULT NULL,
  `minimum_order_amount` decimal(10,2) DEFAULT NULL,
  `packaging_fee_per_item` decimal(10,2) DEFAULT NULL,
  PRIMARY KEY (`merchant_id`),
  UNIQUE KEY `merchant_username` (`merchant_username`),
  KEY `type_id` (`type_id`),
  CONSTRAINT `merchant_ibfk_1` FOREIGN KEY (`type_id`) REFERENCES `merchant_type` (`type_id`)
) ENGINE=InnoDB AUTO_INCREMENT=101 DEFAULT CHARSET=utf8mb4 COLLATE=utf8mb4_0900_ai_ci;
/*!40101 SET character_set_client = @saved_cs_client */;

--
-- Dumping data for table `merchant`
--

LOCK TABLES `merchant` WRITE;
/*!40000 ALTER TABLE `merchant` DISABLE KEYS */;
INSERT INTO `merchant` VALUES (1,'merchant1','e10adc3949ba59abbe56e057f20f883e','美食家一号','https://pic1.zhimg.com/v2-125d31af7935b31ea8222e2f81c0dce4_b.jpg','地址1','12345678901','09:00-21:00',1,'提供各种美食',1,5.00,20.00,1.00),(2,'merchant2','e10adc3949ba59abbe56e057f20f883e','美食家二号','https://pic1.zhimg.com/v2-125d31af7935b31ea8222e2f81c0dce4_b.jpg','地址2','12345678902','08:00-22:00',2,'专注于健康食品',1,4.50,25.00,0.90),(3,'merchant3','e10adc3949ba59abbe56e057f20f883e','美食家三号','https://pic1.zhimg.com/v2-125d31af7935b31ea8222e2f81c0dce4_b.jpg','地址3','12345678903','10:00-23:00',3,'提供快速服务',1,6.00,15.00,1.10),(4,'merchant4','e10adc3949ba59abbe56e057f20f883e','美食家四号','https://pic1.zhimg.com/v2-125d31af7935b31ea8222e2f81c0dce4_b.jpg','地址4','12345678904','07:00-24:00',4,'24小时营业',1,5.50,18.00,1.20),(5,'merchant5','e10adc3949ba59abbe56e057f20f883e','美食家五号','https://pic1.zhimg.com/v2-125d31af7935b31ea8222e2f81c0dce4_b.jpg','地址5','12345678905','09:30-21:30',5,'提供在线菜单',1,4.00,30.00,0.80),(6,'merchant6','e10adc3949ba59abbe56e057f20f883e','美食家六号','https://pic1.zhimg.com/v2-125d31af7935b31ea8222e2f81c0dce4_b.jpg','地址6','12345678906','08:30-22:30',6,'提供在线菜单',1,5.00,20.00,1.00),(7,'merchant7','e10adc3949ba59abbe56e057f20f883e','美食家七号','https://pic1.zhimg.com/v2-125d31af7935b31ea8222e2f81c0dce4_b.jpg','地址7','12345678907','09:00-23:00',7,'提供在线菜单',1,5.50,25.00,1.20),(8,'merchant8','e10adc3949ba59abbe56e057f20f883e','美食家八号','https://pic1.zhimg.com/v2-125d31af7935b31ea8222e2f81c0dce4_b.jpg','地址8','12345678908','07:30-23:30',8,'提供在线菜单',1,6.00,15.00,1.10),(9,'merchant9','e10adc3949ba59abbe56e057f20f883e','美食家九号','https://pic1.zhimg.com/v2-125d31af7935b31ea8222e2f81c0dce4_b.jpg','地址9','12345678909','08:00-24:00',9,'提供在线菜单',1,4.50,18.00,0.90),(10,'merchant10','e10adc3949ba59abbe56e057f20f883e','美食家十号','https://pic1.zhimg.com/v2-125d31af7935b31ea8222e2f81c0dce4_b.jpg','地址10','12345678910','09:30-22:30',10,'提供在线菜单',1,5.00,30.00,1.20),(11,'merchant11','e10adc3949ba59abbe56e057f20f883e','美食家十一号','https://pic1.zhimg.com/v2-125d31af7935b31ea8222e2f81c0dce4_b.jpg','地址11','12345678911','08:00-23:00',11,'提供在线菜单',1,5.50,20.00,1.00),(12,'merchant12','e10adc3949ba59abbe56e057f20f883e','美食家十二号','https://pic1.zhimg.com/v2-125d31af7935b31ea8222e2f81c0dce4_b.jpg','地址12','12345678912','09:00-22:00',12,'提供在线菜单',1,4.00,25.00,0.80),(13,'merchant13','e10adc3949ba59abbe56e057f20f883e','美食家十三号','https://pic1.zhimg.com/v2-125d31af7935b31ea8222e2f81c0dce4_b.jpg','地址13','12345678913','07:30-21:30',13,'提供在线菜单',1,6.00,15.00,1.10),(14,'merchant14','e10adc3949ba59abbe56e057f20f883e','美食家十四号','https://pic1.zhimg.com/v2-125d31af7935b31ea8222e2f81c0dce4_b.jpg','地址14','12345678914','08:30-22:30',14,'提供在线菜单',1,4.50,18.00,0.90),(15,'merchant15','e10adc3949ba59abbe56e057f20f883e','美食家十五号','https://pic1.zhimg.com/v2-125d31af7935b31ea8222e2f81c0dce4_b.jpg','地址15','12345678915','09:00-23:00',15,'提供在线菜单',1,5.00,30.00,1.20),(16,'merchant16','e10adc3949ba59abbe56e057f20f883e','美食家十六号','https://pic1.zhimg.com/v2-125d31af7935b31ea8222e2f81c0dce4_b.jpg','地址16','12345678916','07:00-24:00',16,'提供在线菜单',1,5.50,20.00,1.00),(17,'merchant17','e10adc3949ba59abbe56e057f20f883e','美食家十七号','https://pic1.zhimg.com/v2-125d31af7935b31ea8222e2f81c0dce4_b.jpg','地址17','12345678917','09:30-21:30',17,'提供在线菜单',1,4.00,25.00,0.80),(18,'merchant18','e10adc3949ba59abbe56e057f20f883e','美食家十八号','https://pic1.zhimg.com/v2-125d31af7935b31ea8222e2f81c0dce4_b.jpg','地址18','12345678918','08:30-22:30',18,'提供在线菜单',1,6.00,15.00,1.10),(19,'merchant19','e10adc3949ba59abbe56e057f20f883e','美食家十九号','https://pic1.zhimg.com/v2-125d31af7935b31ea8222e2f81c0dce4_b.jpg','地址19','12345678919','09:00-23:00',19,'提供在线菜单',1,4.50,18.00,0.90),(20,'merchant20','e10adc3949ba59abbe56e057f20f883e','美食家二十号','https://pic1.zhimg.com/v2-125d31af7935b31ea8222e2f81c0dce4_b.jpg','地址20','12345678920','07:30-23:30',20,'提供在线菜单',1,5.00,30.00,1.20);
/*!40000 ALTER TABLE `merchant` ENABLE KEYS */;
UNLOCK TABLES;

--
-- Table structure for table `merchant_type`
--

DROP TABLE IF EXISTS `merchant_type`;
/*!40101 SET @saved_cs_client     = @@character_set_client */;
/*!50503 SET character_set_client = utf8mb4 */;
CREATE TABLE `merchant_type` (
  `type_id` int NOT NULL AUTO_INCREMENT,
  `type_name` varchar(255) NOT NULL,
  PRIMARY KEY (`type_id`),
  UNIQUE KEY `type_name` (`type_name`)
) ENGINE=InnoDB AUTO_INCREMENT=35 DEFAULT CHARSET=utf8mb4 COLLATE=utf8mb4_0900_ai_ci;
/*!40101 SET character_set_client = @saved_cs_client */;

--
-- Dumping data for table `merchant_type`
--

LOCK TABLES `merchant_type` WRITE;
/*!40000 ALTER TABLE `merchant_type` DISABLE KEYS */;
INSERT INTO `merchant_type` VALUES (28,'下午茶餐厅'),(20,'中东餐厅'),(1,'中餐馆'),(21,'亚洲融合菜'),(23,'健康食品店'),(13,'印度餐厅'),(4,'咖啡馆'),(19,'地中海餐厅'),(14,'墨西哥餐厅'),(30,'外卖快餐'),(6,'寿司店'),(3,'快餐店'),(12,'意大利餐厅'),(16,'日本料理'),(27,'早午餐餐厅'),(22,'有机食品店'),(18,'法国餐厅'),(15,'泰国餐厅'),(10,'海鲜餐厅'),(29,'深夜食堂'),(24,'清真食品店'),(9,'烧烤店'),(32,'特色小吃'),(25,'犹太食品店'),(5,'甜品店'),(11,'素食餐厅'),(34,'美食广场'),(33,'街头美食'),(2,'西餐馆'),(8,'酒吧'),(26,'面包和早餐'),(7,'面包店'),(17,'韩国料理'),(31,'食品市场');
/*!40000 ALTER TABLE `merchant_type` ENABLE KEYS */;
UNLOCK TABLES;

--
-- Table structure for table `order_item`
--

DROP TABLE IF EXISTS `order_item`;
/*!40101 SET @saved_cs_client     = @@character_set_client */;
/*!50503 SET character_set_client = utf8mb4 */;
CREATE TABLE `order_item` (
  `order_item_id` int NOT NULL AUTO_INCREMENT,
  `order_id` int DEFAULT NULL,
  `product_id` int DEFAULT NULL,
  `quantity` int NOT NULL,
  PRIMARY KEY (`order_item_id`),
  KEY `order_id` (`order_id`),
  KEY `product_id` (`product_id`),
  CONSTRAINT `order_item_ibfk_1` FOREIGN KEY (`order_id`) REFERENCES `orders` (`order_id`),
  CONSTRAINT `order_item_ibfk_2` FOREIGN KEY (`product_id`) REFERENCES `product` (`product_id`)
) ENGINE=InnoDB AUTO_INCREMENT=81 DEFAULT CHARSET=utf8mb4 COLLATE=utf8mb4_0900_ai_ci;
/*!40101 SET character_set_client = @saved_cs_client */;

--
-- Dumping data for table `order_item`
--

LOCK TABLES `order_item` WRITE;
/*!40000 ALTER TABLE `order_item` DISABLE KEYS */;
INSERT INTO `order_item` VALUES (1,1,1,1),(2,2,2,2),(3,3,3,1),(4,4,4,2),(5,5,5,1),(6,6,6,2),(7,7,7,1),(8,8,8,2),(9,9,9,1),(10,10,10,2),(11,11,11,1),(12,12,12,2),(13,13,13,1),(14,14,14,2),(15,15,15,1),(16,16,16,2),(17,17,17,1),(18,18,18,2),(19,19,19,1),(20,20,20,2),(21,21,21,1),(22,22,22,2),(23,23,23,1),(24,24,24,2),(25,25,25,1),(26,26,26,2),(27,27,27,1),(28,28,28,2),(29,29,29,1),(30,30,30,2),(31,31,31,1),(32,32,32,2),(33,33,33,1),(34,34,34,2),(35,35,35,1),(36,36,36,2),(37,37,37,1),(38,38,38,2),(39,39,39,1),(40,40,40,2),(41,41,41,1),(42,42,42,2),(43,43,43,1),(44,44,44,2),(45,45,45,1),(46,46,46,2),(47,47,47,1),(48,48,48,2),(49,49,49,1),(50,50,50,2),(51,51,51,1),(52,52,52,2),(53,53,53,1),(54,54,54,2),(55,55,55,1),(56,56,56,2),(57,57,57,1),(58,58,58,2),(59,59,59,1),(60,60,60,2),(61,61,61,1),(62,62,62,2),(63,63,63,1),(64,64,64,2),(65,65,65,1),(66,66,66,2),(67,67,67,1),(68,68,68,2),(69,69,69,1),(70,70,70,2),(71,71,71,1),(72,72,72,2),(73,73,73,1),(74,74,74,2),(75,75,75,1),(76,76,76,2),(77,77,77,1),(78,78,78,2),(79,79,79,1),(80,80,80,2);
/*!40000 ALTER TABLE `order_item` ENABLE KEYS */;
UNLOCK TABLES;

--
-- Table structure for table `orders`
--

DROP TABLE IF EXISTS `orders`;
/*!40101 SET @saved_cs_client     = @@character_set_client */;
/*!50503 SET character_set_client = utf8mb4 */;
CREATE TABLE `orders` (
  `order_id` int NOT NULL AUTO_INCREMENT,
  `merchant_id` int DEFAULT NULL,
  `user_id` int DEFAULT NULL,
  `address_id` int DEFAULT NULL,
  `order_date` datetime NOT NULL,
  `estimated_delivery_time` datetime DEFAULT NULL,
  `actual_delivery_time` datetime DEFAULT NULL,
  `payment_method` varchar(50) NOT NULL,
  `packaging_fee` decimal(10,2) NOT NULL,
  `delivery_fee` decimal(10,2) NOT NULL,
  `order_status` varchar(50) NOT NULL,
  `notes` text,
  `is_deleted_by_user` tinyint(1) DEFAULT '0',
  `is_deleted_by_merchant` tinyint(1) DEFAULT '0',
  `total_amount` decimal(10,2) NOT NULL,
  PRIMARY KEY (`order_id`),
  KEY `merchant_id` (`merchant_id`),
  KEY `user_id` (`user_id`),
  KEY `address_id` (`address_id`),
  CONSTRAINT `orders_ibfk_1` FOREIGN KEY (`merchant_id`) REFERENCES `merchant` (`merchant_id`),
  CONSTRAINT `orders_ibfk_2` FOREIGN KEY (`user_id`) REFERENCES `user` (`user_id`),
  CONSTRAINT `orders_ibfk_3` FOREIGN KEY (`address_id`) REFERENCES `address` (`address_id`)
) ENGINE=InnoDB AUTO_INCREMENT=81 DEFAULT CHARSET=utf8mb4 COLLATE=utf8mb4_0900_ai_ci;
/*!40101 SET character_set_client = @saved_cs_client */;

--
-- Dumping data for table `orders`
--

LOCK TABLES `orders` WRITE;
/*!40000 ALTER TABLE `orders` DISABLE KEYS */;
INSERT INTO `orders` VALUES (1,1,1,1,'2024-09-06 15:41:02','2024-09-06 16:41:02','2024-09-06 15:54:39','1',2.00,5.00,'4','无特殊要求',0,0,30.00),(2,1,1,2,'2024-09-06 15:41:02','2024-09-06 16:41:02','2024-09-06 17:11:02','2',2.00,5.00,'2','无特殊要求',0,0,30.00),(3,2,2,1,'2024-09-06 15:41:02','2024-09-06 16:41:02','2024-09-06 17:11:02','1',2.00,5.00,'3','无特殊要求',0,0,30.00),(4,2,2,2,'2024-09-06 15:41:02','2024-09-06 16:41:02','2024-09-06 17:11:02','2',2.00,5.00,'4','无特殊要求',0,0,30.00),(5,3,3,1,'2024-09-06 15:41:02','2024-09-06 16:41:02','2024-09-06 17:11:02','1',2.00,5.00,'5','无特殊要求',0,0,30.00),(6,3,3,2,'2024-09-06 15:41:02','2024-09-06 16:41:02','2024-09-06 17:11:02','2',2.00,5.00,'1','无特殊要求',0,0,30.00),(7,4,4,1,'2024-09-06 15:41:02','2024-09-06 16:41:02','2024-09-06 17:11:02','1',2.00,5.00,'2','无特殊要求',0,0,30.00),(8,4,4,2,'2024-09-06 15:41:02','2024-09-06 16:41:02','2024-09-06 17:11:02','2',2.00,5.00,'3','无特殊要求',0,0,30.00),(9,5,5,1,'2024-09-06 15:41:02','2024-09-06 16:41:02','2024-09-06 17:11:02','1',2.00,5.00,'4','无特殊要求',0,0,30.00),(10,5,5,2,'2024-09-06 15:41:02','2024-09-06 16:41:02','2024-09-06 17:11:02','2',2.00,5.00,'5','无特殊要求',0,1,30.00),(11,6,6,1,'2024-09-06 15:41:02','2024-09-06 16:41:02','2024-09-06 17:11:02','1',2.00,5.00,'1','无特殊要求',0,0,30.00),(12,6,6,2,'2024-09-06 15:41:02','2024-09-06 16:41:02','2024-09-06 17:11:02','2',2.00,5.00,'2','无特殊要求',0,0,30.00),(13,7,7,1,'2024-09-06 15:41:02','2024-09-06 16:41:02','2024-09-06 17:11:02','1',2.00,5.00,'3','无特殊要求',0,0,30.00),(14,7,7,2,'2024-09-06 15:41:02','2024-09-06 16:41:02','2024-09-06 17:11:02','2',2.00,5.00,'4','无特殊要求',0,0,30.00),(15,8,8,1,'2024-09-06 15:41:02','2024-09-06 16:41:02','2024-09-06 17:11:02','1',2.00,5.00,'5','无特殊要求',0,0,30.00),(16,8,8,2,'2024-09-06 15:41:02','2024-09-06 16:41:02','2024-09-06 17:11:02','2',2.00,5.00,'1','无特殊要求',0,0,30.00),(17,9,9,1,'2024-09-06 15:41:02','2024-09-06 16:41:02','2024-09-06 17:11:02','1',2.00,5.00,'2','无特殊要求',0,0,30.00),(18,9,9,2,'2024-09-06 15:41:02','2024-09-06 16:41:02','2024-09-06 17:11:02','2',2.00,5.00,'3','无特殊要求',0,0,30.00),(19,10,10,1,'2024-09-06 15:41:02','2024-09-06 16:41:02','2024-09-06 17:11:02','1',2.00,5.00,'4','无特殊要求',0,0,30.00),(20,10,10,2,'2024-09-06 15:41:02','2024-09-06 16:41:02','2024-09-06 17:11:02','2',2.00,5.00,'5','无特殊要求',0,0,30.00),(21,11,11,1,'2024-09-06 15:41:02','2024-09-06 16:41:02','2024-09-06 17:11:02','1',2.00,5.00,'1','无特殊要求',0,0,30.00),(22,11,11,2,'2024-09-06 15:41:02','2024-09-06 16:41:02','2024-09-06 17:11:02','2',2.00,5.00,'2','无特殊要求',0,0,30.00),(23,12,12,1,'2024-09-06 15:41:02','2024-09-06 16:41:02','2024-09-06 17:11:02','1',2.00,5.00,'3','无特殊要求',0,0,30.00),(24,12,12,2,'2024-09-06 15:41:02','2024-09-06 16:41:02','2024-09-06 17:11:02','2',2.00,5.00,'4','无特殊要求',0,0,30.00),(25,13,13,1,'2024-09-06 15:41:02','2024-09-06 16:41:02','2024-09-06 17:11:02','1',2.00,5.00,'5','无特殊要求',0,0,30.00),(26,13,13,2,'2024-09-06 15:41:02','2024-09-06 16:41:02','2024-09-06 17:11:02','2',2.00,5.00,'1','无特殊要求',0,0,30.00),(27,14,14,1,'2024-09-06 15:41:02','2024-09-06 16:41:02','2024-09-06 17:11:02','1',2.00,5.00,'2','无特殊要求',0,0,30.00),(28,14,14,2,'2024-09-06 15:41:02','2024-09-06 16:41:02','2024-09-06 17:11:02','2',2.00,5.00,'3','无特殊要求',0,0,30.00),(29,15,15,1,'2024-09-06 15:41:02','2024-09-06 16:41:02','2024-09-06 17:11:02','1',2.00,5.00,'4','无特殊要求',0,0,30.00),(30,15,15,2,'2024-09-06 15:41:02','2024-09-06 16:41:02','2024-09-06 17:11:02','2',2.00,5.00,'5','无特殊要求',0,0,30.00),(31,16,16,1,'2024-09-06 15:41:02','2024-09-06 16:41:02','2024-09-06 17:11:02','1',2.00,5.00,'1','无特殊要求',0,0,30.00),(32,16,16,2,'2024-09-06 15:41:02','2024-09-06 16:41:02','2024-09-06 17:11:02','2',2.00,5.00,'2','无特殊要求',0,0,30.00),(33,17,17,1,'2024-09-06 15:41:02','2024-09-06 16:41:02','2024-09-06 17:11:02','1',2.00,5.00,'3','无特殊要求',0,0,30.00),(34,17,17,2,'2024-09-06 15:41:02','2024-09-06 16:41:02','2024-09-06 17:11:02','2',2.00,5.00,'4','无特殊要求',0,0,30.00),(35,18,18,1,'2024-09-06 15:41:02','2024-09-06 16:41:02','2024-09-06 17:11:02','1',2.00,5.00,'5','无特殊要求',0,0,30.00),(36,18,18,2,'2024-09-06 15:41:02','2024-09-06 16:41:02','2024-09-06 17:11:02','2',2.00,5.00,'1','无特殊要求',0,0,30.00),(37,19,19,1,'2024-09-06 15:41:02','2024-09-06 16:41:02','2024-09-06 17:11:02','1',2.00,5.00,'2','无特殊要求',0,0,30.00),(38,19,19,2,'2024-09-06 15:41:02','2024-09-06 16:41:02','2024-09-06 17:11:02','2',2.00,5.00,'3','无特殊要求',0,0,30.00),(39,20,20,1,'2024-09-06 15:41:02','2024-09-06 16:41:02','2024-09-06 17:11:02','1',2.00,5.00,'4','无特殊要求',0,0,30.00),(40,20,20,2,'2024-09-06 15:41:02','2024-09-06 16:41:02','2024-09-06 17:11:02','2',2.00,5.00,'5','无特殊要求',0,0,30.00),(41,20,20,1,'2024-09-06 15:41:02','2024-09-06 16:41:02','2024-09-06 17:11:02','1',2.00,5.00,'1','无特殊要求',0,0,30.00),(42,20,20,2,'2024-09-06 15:41:02','2024-09-06 16:41:02','2024-09-06 17:11:02','2',2.00,5.00,'2','无特殊要求',0,0,30.00),(43,19,19,1,'2024-09-06 15:41:02','2024-09-06 16:41:02','2024-09-06 17:11:02','1',2.00,5.00,'3','无特殊要求',0,0,30.00),(44,19,19,2,'2024-09-06 15:41:02','2024-09-06 16:41:02','2024-09-06 17:11:02','2',2.00,5.00,'4','无特殊要求',0,0,30.00),(45,18,18,1,'2024-09-06 15:41:02','2024-09-06 16:41:02','2024-09-06 17:11:02','1',2.00,5.00,'5','无特殊要求',0,0,30.00),(46,18,18,2,'2024-09-06 15:41:02','2024-09-06 16:41:02','2024-09-06 17:11:02','2',2.00,5.00,'1','无特殊要求',0,0,30.00),(47,17,17,1,'2024-09-06 15:41:02','2024-09-06 16:41:02','2024-09-06 17:11:02','1',2.00,5.00,'2','无特殊要求',0,0,30.00),(48,17,17,2,'2024-09-06 15:41:02','2024-09-06 16:41:02','2024-09-06 17:11:02','2',2.00,5.00,'3','无特殊要求',0,0,30.00),(49,16,16,1,'2024-09-06 15:41:02','2024-09-06 16:41:02','2024-09-06 17:11:02','1',2.00,5.00,'4','无特殊要求',0,0,30.00),(50,16,16,2,'2024-09-06 15:41:02','2024-09-06 16:41:02','2024-09-06 17:11:02','2',2.00,5.00,'5','无特殊要求',0,0,30.00),(51,15,15,1,'2024-09-06 15:41:02','2024-09-06 16:41:02','2024-09-06 17:11:02','1',2.00,5.00,'1','无特殊要求',0,0,30.00),(52,15,15,2,'2024-09-06 15:41:02','2024-09-06 16:41:02','2024-09-06 17:11:02','2',2.00,5.00,'2','无特殊要求',0,0,30.00),(53,14,14,1,'2024-09-06 15:41:02','2024-09-06 16:41:02','2024-09-06 17:11:02','1',2.00,5.00,'3','无特殊要求',0,0,30.00),(54,14,14,2,'2024-09-06 15:41:02','2024-09-06 16:41:02','2024-09-06 17:11:02','2',2.00,5.00,'4','无特殊要求',0,0,30.00),(55,13,13,1,'2024-09-06 15:41:02','2024-09-06 16:41:02','2024-09-06 17:11:02','1',2.00,5.00,'5','无特殊要求',0,0,30.00),(56,13,13,2,'2024-09-06 15:41:02','2024-09-06 16:41:02','2024-09-06 17:11:02','2',2.00,5.00,'1','无特殊要求',0,0,30.00),(57,12,12,1,'2024-09-06 15:41:02','2024-09-06 16:41:02','2024-09-06 17:11:02','1',2.00,5.00,'2','无特殊要求',0,0,30.00),(58,12,12,2,'2024-09-06 15:41:02','2024-09-06 16:41:02','2024-09-06 17:11:02','2',2.00,5.00,'3','无特殊要求',0,0,30.00),(59,11,11,1,'2024-09-06 15:41:02','2024-09-06 16:41:02','2024-09-06 17:11:02','1',2.00,5.00,'4','无特殊要求',0,0,30.00),(60,11,11,2,'2024-09-06 15:41:02','2024-09-06 16:41:02','2024-09-06 17:11:02','2',2.00,5.00,'5','无特殊要求',0,0,30.00),(61,10,10,1,'2024-09-06 15:41:02','2024-09-06 16:41:02','2024-09-06 17:11:02','1',2.00,5.00,'1','无特殊要求',0,0,30.00),(62,10,10,2,'2024-09-06 15:41:02','2024-09-06 16:41:02','2024-09-06 17:11:02','2',2.00,5.00,'2','无特殊要求',0,0,30.00),(63,9,9,1,'2024-09-06 15:41:02','2024-09-06 16:41:02','2024-09-06 17:11:02','1',2.00,5.00,'3','无特殊要求',0,0,30.00),(64,9,9,2,'2024-09-06 15:41:02','2024-09-06 16:41:02','2024-09-06 17:11:02','2',2.00,5.00,'4','无特殊要求',0,0,30.00),(65,8,8,1,'2024-09-06 15:41:02','2024-09-06 16:41:02','2024-09-06 17:11:02','1',2.00,5.00,'5','无特殊要求',0,0,30.00),(66,8,8,2,'2024-09-06 15:41:02','2024-09-06 16:41:02','2024-09-06 17:11:02','2',2.00,5.00,'1','无特殊要求',0,0,30.00),(67,7,7,1,'2024-09-06 15:41:02','2024-09-06 16:41:02','2024-09-06 17:11:02','1',2.00,5.00,'2','无特殊要求',0,0,30.00),(68,7,7,2,'2024-09-06 15:41:02','2024-09-06 16:41:02','2024-09-06 17:11:02','2',2.00,5.00,'3','无特殊要求',0,0,30.00),(69,6,6,1,'2024-09-06 15:41:02','2024-09-06 16:41:02','2024-09-06 17:11:02','1',2.00,5.00,'4','无特殊要求',0,0,30.00),(70,6,6,2,'2024-09-06 15:41:02','2024-09-06 16:41:02','2024-09-06 17:11:02','2',2.00,5.00,'5','无特殊要求',0,0,30.00),(71,5,5,1,'2024-09-06 15:41:02','2024-09-06 16:41:02','2024-09-06 17:11:02','1',2.00,5.00,'1','无特殊要求',0,1,30.00),(72,5,5,2,'2024-09-06 15:41:02','2024-09-06 16:41:02','2024-09-06 17:11:02','2',2.00,5.00,'2','无特殊要求',0,1,30.00),(73,4,4,1,'2024-09-06 15:41:02','2024-09-06 16:41:02','2024-09-06 17:11:02','1',2.00,5.00,'3','无特殊要求',0,0,30.00),(74,4,4,2,'2024-09-06 15:41:02','2024-09-06 16:41:02','2024-09-06 17:11:02','2',2.00,5.00,'4','无特殊要求',0,0,30.00),(75,3,3,1,'2024-09-06 15:41:02','2024-09-06 16:41:02','2024-09-06 17:11:02','1',2.00,5.00,'5','无特殊要求',0,0,30.00),(76,3,3,2,'2024-09-06 15:41:02','2024-09-06 16:41:02','2024-09-06 17:11:02','2',2.00,5.00,'1','无特殊要求',0,0,30.00),(77,2,2,1,'2024-09-06 15:41:02','2024-09-06 16:41:02','2024-09-06 17:11:02','1',2.00,5.00,'2','无特殊要求',0,0,30.00),(78,2,2,2,'2024-09-06 15:41:02','2024-09-06 16:41:02','2024-09-06 17:11:02','2',2.00,5.00,'3','无特殊要求',0,0,30.00),(79,1,1,1,'2024-09-06 15:41:02','2024-09-06 16:41:02','2024-09-06 17:11:02','1',2.00,5.00,'4','无特殊要求',0,0,30.00),(80,1,1,2,'2024-09-06 15:41:02','2024-09-06 16:41:02','2024-09-06 17:11:02','2',2.00,5.00,'5','无特殊要求',0,0,30.00);
/*!40000 ALTER TABLE `orders` ENABLE KEYS */;
UNLOCK TABLES;

--
-- Table structure for table `product`
--

DROP TABLE IF EXISTS `product`;
/*!40101 SET @saved_cs_client     = @@character_set_client */;
/*!50503 SET character_set_client = utf8mb4 */;
CREATE TABLE `product` (
  `product_id` int NOT NULL AUTO_INCREMENT,
  `merchant_id` int DEFAULT NULL,
  `category_id` int DEFAULT NULL,
  `product_name` varchar(255) NOT NULL,
  `price` decimal(10,2) NOT NULL,
  `description` text,
  `available` tinyint(1) DEFAULT '1',
  `is_deleted` tinyint(1) DEFAULT '0',
  `imageUrl` varchar(255) NOT NULL,
  PRIMARY KEY (`product_id`),
  KEY `merchant_id` (`merchant_id`),
  KEY `category_id` (`category_id`),
  CONSTRAINT `product_ibfk_1` FOREIGN KEY (`merchant_id`) REFERENCES `merchant` (`merchant_id`),
  CONSTRAINT `product_ibfk_2` FOREIGN KEY (`category_id`) REFERENCES `product_category` (`category_id`)
) ENGINE=InnoDB AUTO_INCREMENT=287 DEFAULT CHARSET=utf8mb4 COLLATE=utf8mb4_0900_ai_ci;
/*!40101 SET character_set_client = @saved_cs_client */;

--
-- Dumping data for table `product`
--

LOCK TABLES `product` WRITE;
/*!40000 ALTER TABLE `product` DISABLE KEYS */;
INSERT INTO `product` VALUES (1,1,1,'鱼香肉丝',25.50,'经典川菜，辣中带甜。',1,0,'https://pic1.zhimg.com/v2-125d31af7935b31ea8222e2f81c0dce4_b.jpg'),(2,1,1,'宫保鸡丁',22.00,'川菜经典，酸甜适中。',1,0,'https://pic1.zhimg.com/v2-125d31af7935b31ea8222e2f81c0dce4_b.jpg'),(3,1,1,'水煮牛肉',30.00,'麻辣鲜香，牛肉鲜嫩。',1,0,'https://pic1.zhimg.com/v2-125d31af7935b31ea8222e2f81c0dce4_b.jpg'),(4,1,1,'回锅肉',28.00,'家常川菜，肥而不腻。',1,0,'https://pic1.zhimg.com/v2-125d31af7935b31ea8222e2f81c0dce4_b.jpg'),(5,1,1,'夫妻肺片',32.00,'麻辣鲜香，风味独特。',1,0,'https://pic1.zhimg.com/v2-125d31af7935b31ea8222e2f81c0dce4_b.jpg'),(6,1,1,'麻婆豆腐',18.00,'麻辣鲜香，口感滑嫩。',1,0,'https://pic1.zhimg.com/v2-125d31af7935b31ea8222e2f81c0dce4_b.jpg'),(7,1,1,'担担面',15.00,'麻辣爽口，川味面食。',1,0,'https://pic1.zhimg.com/v2-125d31af7935b31ea8222e2f81c0dce4_b.jpg'),(8,1,1,'川北凉粉',12.00,'酸辣开胃，夏日佳品。',1,0,'https://pic1.zhimg.com/v2-125d31af7935b31ea8222e2f81c0dce4_b.jpg'),(9,1,1,'口水鸡',25.00,'麻辣鲜香，鸡肉嫩滑。',1,0,'https://pic1.zhimg.com/v2-125d31af7935b31ea8222e2f81c0dce4_b.jpg'),(10,1,2,'绿茶饼',10.00,'绿茶口味的甜点。',1,0,'https://pic1.zhimg.com/v2-125d31af7935b31ea8222e2f81c0dce4_b.jpg'),(11,1,2,'红豆糕',12.00,'传统红豆糕点。',1,0,'https://pic1.zhimg.com/v2-125d31af7935b31ea8222e2f81c0dce4_b.jpg'),(12,1,2,'芒果布丁',15.00,'热带风味的甜品。',1,0,'https://pic1.zhimg.com/v2-125d31af7935b31ea8222e2f81c0dce4_b.jpg'),(13,1,3,'杨枝甘露',18.00,'经典港式甜品。',1,0,'https://pic1.zhimg.com/v2-125d31af7935b31ea8222e2f81c0dce4_b.jpg'),(14,1,3,'双皮奶',16.00,'滑嫩的广东甜品。',1,0,'https://pic1.zhimg.com/v2-125d31af7935b31ea8222e2f81c0dce4_b.jpg'),(15,2,4,'西冷牛排',120.00,'经典西式主菜，搭配黑椒汁。',1,0,'https://pic1.zhimg.com/v2-125d31af7935b31ea8222e2f81c0dce4_b.jpg'),(16,2,4,'烤羊排',110.00,'香烤羊排，外焦里嫩。',1,0,'https://pic1.zhimg.com/v2-125d31af7935b31ea8222e2f81c0dce4_b.jpg'),(17,2,5,'提拉米苏',30.00,'经典意式甜点。',1,0,'https://pic1.zhimg.com/v2-125d31af7935b31ea8222e2f81c0dce4_b.jpg'),(18,2,5,'黑森林蛋糕',35.00,'巧克力风味的甜点。',1,0,'https://pic1.zhimg.com/v2-125d31af7935b31ea8222e2f81c0dce4_b.jpg'),(19,2,6,'卡布奇诺',25.00,'经典咖啡饮品。',1,0,'https://pic1.zhimg.com/v2-125d31af7935b31ea8222e2f81c0dce4_b.jpg'),(20,2,6,'拿铁咖啡',22.00,'奶泡细腻的咖啡。',1,0,'https://pic1.zhimg.com/v2-125d31af7935b31ea8222e2f81c0dce4_b.jpg'),(21,3,7,'经典芝士汉堡',40.00,'双层牛肉，香浓芝士。',1,0,'https://pic1.zhimg.com/v2-125d31af7935b31ea8222e2f81c0dce4_b.jpg'),(22,3,7,'鸡肉汉堡',35.00,'香脆鸡肉，搭配新鲜生菜。',1,0,'https://pic1.zhimg.com/v2-125d31af7935b31ea8222e2f81c0dce4_b.jpg'),(23,3,7,'鱼排汉堡',42.00,'酥脆鱼排，海洋风味。',1,0,'https://pic1.zhimg.com/v2-125d31af7935b31ea8222e2f81c0dce4_b.jpg'),(24,3,7,'素食汉堡',30.00,'健康素食，搭配丰富蔬菜。',1,0,'https://pic1.zhimg.com/v2-125d31af7935b31ea8222e2f81c0dce4_b.jpg'),(25,3,7,'烧烤汉堡',48.00,'烧烤风味，独特酱料。',1,0,'https://pic1.zhimg.com/v2-125d31af7935b31ea8222e2f81c0dce4_b.jpg'),(26,3,7,'迷你汉堡',20.00,'小巧可爱，适合儿童。',1,0,'https://pic1.zhimg.com/v2-125d31af7935b31ea8222e2f81c0dce4_b.jpg'),(27,3,7,'豪华汉堡',55.00,'多种配料，奢华享受。',1,0,'https://pic1.zhimg.com/v2-125d31af7935b31ea8222e2f81c0dce4_b.jpg'),(28,3,7,'牛肉汉堡',38.00,'纯牛肉饼，经典之选。',1,0,'https://pic1.zhimg.com/v2-125d31af7935b31ea8222e2f81c0dce4_b.jpg'),(29,3,7,'芝士双层汉堡',50.00,'双层牛肉，双层芝士。',1,0,'https://pic1.zhimg.com/v2-125d31af7935b31ea8222e2f81c0dce4_b.jpg'),(30,3,8,'薯条',15.00,'香脆薯条，快餐必备。',1,0,'https://pic1.zhimg.com/v2-125d31af7935b31ea8222e2f81c0dce4_b.jpg'),(31,3,8,'炸鸡块',20.00,'金黄酥脆，多汁可口。',1,0,'https://pic1.zhimg.com/v2-125d31af7935b31ea8222e2f81c0dce4_b.jpg'),(32,3,8,'炸鸡翅',25.00,'香酥可口，经典小吃。',1,0,'https://pic1.zhimg.com/v2-125d31af7935b31ea8222e2f81c0dce4_b.jpg'),(33,3,8,'洋葱圈',18.00,'香脆洋葱圈，风味独特。',1,0,'https://pic1.zhimg.com/v2-125d31af7935b31ea8222e2f81c0dce4_b.jpg'),(34,3,8,'炸鱼排',22.00,'酥脆鱼排，搭配塔塔酱。',1,0,'https://pic1.zhimg.com/v2-125d31af7935b31ea8222e2f81c0dce4_b.jpg'),(35,3,9,'可乐',8.00,'经典碳酸饮料，畅爽口感。',1,0,'https://pic1.zhimg.com/v2-125d31af7935b31ea8222e2f81c0dce4_b.jpg'),(36,3,9,'雪碧',8.00,'柠檬口味，清凉解渴。',1,0,'https://pic1.zhimg.com/v2-125d31af7935b31ea8222e2f81c0dce4_b.jpg'),(37,3,9,'冰红茶',10.00,'冰爽红茶，夏日首选。',1,0,'https://pic1.zhimg.com/v2-125d31af7935b31ea8222e2f81c0dce4_b.jpg'),(38,3,9,'果汁',12.00,'新鲜水果榨汁，健康饮品。',1,0,'https://pic1.zhimg.com/v2-125d31af7935b31ea8222e2f81c0dce4_b.jpg'),(39,3,9,'奶茶',15.00,'香浓奶茶，多种口味。',1,0,'https://pic1.zhimg.com/v2-125d31af7935b31ea8222e2f81c0dce4_b.jpg'),(40,4,10,'美式咖啡',20.00,'纯正美式，提神醒脑。',1,0,'https://pic1.zhimg.com/v2-125d31af7935b31ea8222e2f81c0dce4_b.jpg'),(41,4,10,'拿铁咖啡',25.00,'经典拿铁，奶泡细腻。',1,0,'https://pic1.zhimg.com/v2-125d31af7935b31ea8222e2f81c0dce4_b.jpg'),(42,4,10,'卡布奇诺',22.00,'丰富奶泡，经典意式。',1,0,'https://pic1.zhimg.com/v2-125d31af7935b31ea8222e2f81c0dce4_b.jpg'),(43,4,10,'摩卡咖啡',28.00,'巧克力风味，甜蜜享受。',1,0,'https://pic1.zhimg.com/v2-125d31af7935b31ea8222e2f81c0dce4_b.jpg'),(44,4,10,'玛奇朵',26.00,'轻柔奶泡，意式经典。',1,0,'https://pic1.zhimg.com/v2-125d31af7935b31ea8222e2f81c0dce4_b.jpg'),(45,4,11,'提拉米苏',32.00,'经典意式甜品，咖啡与奶酪的完美结合。',1,0,'https://pic1.zhimg.com/v2-125d31af7935b31ea8222e2f81c0dce4_b.jpg'),(46,4,11,'黑森林蛋糕',35.00,'巧克力与樱桃的经典搭配。',1,0,'https://pic1.zhimg.com/v2-125d31af7935b31ea8222e2f81c0dce4_b.jpg'),(47,4,11,'纽约芝士蛋糕',40.00,'浓郁芝士，口感细腻。',1,0,'https://pic1.zhimg.com/v2-125d31af7935b31ea8222e2f81c0dce4_b.jpg'),(48,4,12,'美式咖啡',18.00,'纯正美式，提神醒脑。',1,0,'https://pic1.zhimg.com/v2-125d31af7935b31ea8222e2f81c0dce4_b.jpg'),(49,4,12,'拿铁咖啡',22.00,'经典拿铁，奶泡细腻。',1,0,'https://pic1.zhimg.com/v2-125d31af7935b31ea8222e2f81c0dce4_b.jpg'),(50,5,13,'芒果慕斯',30.00,'热带风味，芒果香气。',1,0,'https://pic1.zhimg.com/v2-125d31af7935b31ea8222e2f81c0dce4_b.jpg'),(51,5,13,'蓝莓芝士蛋糕',38.00,'蓝莓酸甜，搭配浓郁芝士。',1,0,'https://pic1.zhimg.com/v2-125d31af7935b31ea8222e2f81c0dce4_b.jpg'),(52,5,13,'红丝绒蛋糕',42.00,'色泽鲜艳，口感绵软。',1,0,'https://pic1.zhimg.com/v2-125d31af7935b31ea8222e2f81c0dce4_b.jpg'),(53,5,13,'巧克力慕斯',35.00,'浓郁巧克力，轻盈慕斯。',1,0,'https://pic1.zhimg.com/v2-125d31af7935b31ea8222e2f81c0dce4_b.jpg'),(54,5,13,'柠檬挞',25.00,'清新柠檬，酥脆挞皮。',1,0,'https://pic1.zhimg.com/v2-125d31af7935b31ea8222e2f81c0dce4_b.jpg'),(55,5,13,'焦糖布丁',22.00,'甜蜜焦糖，嫩滑布丁。',1,0,'https://pic1.zhimg.com/v2-125d31af7935b31ea8222e2f81c0dce4_b.jpg'),(56,5,13,'草莓慕斯',28.00,'新鲜草莓，轻盈慕斯。',1,0,'https://pic1.zhimg.com/v2-125d31af7935b31ea8222e2f81c0dce4_b.jpg'),(57,5,13,'抹茶蛋糕',36.00,'抹茶风味，清新自然。',1,0,'https://pic1.zhimg.com/v2-125d31af7935b31ea8222e2f81c0dce4_b.jpg'),(58,5,13,'黑森林蛋糕',40.00,'经典黑森林，樱桃与巧克力的完美融合。',1,0,'https://pic1.zhimg.com/v2-125d31af7935b31ea8222e2f81c0dce4_b.jpg'),(59,5,14,'香草冰淇淋',18.00,'经典香草味，冰凉一夏。',1,0,'https://pic1.zhimg.com/v2-125d31af7935b31ea8222e2f81c0dce4_b.jpg'),(60,5,14,'巧克力冰淇淋',20.00,'浓郁巧克力，甜蜜享受。',1,0,'https://pic1.zhimg.com/v2-125d31af7935b31ea8222e2f81c0dce4_b.jpg'),(61,5,14,'草莓冰淇淋',22.00,'新鲜草莓，清新爽口。',1,0,'https://pic1.zhimg.com/v2-125d31af7935b31ea8222e2f81c0dce4_b.jpg'),(62,5,14,'芒果冰淇淋',25.00,'热带风味，芒果甜美。',1,0,'https://pic1.zhimg.com/v2-125d31af7935b31ea8222e2f81c0dce4_b.jpg'),(63,5,14,'混合水果冰淇淋',28.00,'多种水果，缤纷夏日。',1,0,'https://pic1.zhimg.com/v2-125d31af7935b31ea8222e2f81c0dce4_b.jpg'),(64,5,15,'绿茶拿铁',22.00,'清新绿茶，搭配香浓牛奶。',1,0,'https://pic1.zhimg.com/v2-125d31af7935b31ea8222e2f81c0dce4_b.jpg'),(65,5,15,'红茶拿铁',20.00,'经典红茶，香浓牛奶。',1,0,'https://pic1.zhimg.com/v2-125d31af7935b31ea8222e2f81c0dce4_b.jpg'),(66,5,15,'乌龙奶茶',18.00,'乌龙茶香，搭配丝滑牛奶。',1,0,'https://pic1.zhimg.com/v2-125d31af7935b31ea8222e2f81c0dce4_b.jpg'),(67,5,15,'抹茶牛奶',25.00,'抹茶清新，牛奶香浓。',1,0,'https://pic1.zhimg.com/v2-125d31af7935b31ea8222e2f81c0dce4_b.jpg'),(68,5,15,'芒果奶昔',26.00,'芒果甜美，奶昔冰爽。',1,0,'https://pic1.zhimg.com/v2-125d31af7935b31ea8222e2f81c0dce4_b.jpg'),(69,6,16,'三文鱼寿司',48.00,'新鲜三文鱼，搭配特制米饭。',1,0,'https://pic1.zhimg.com/v2-125d31af7935b31ea8222e2f81c0dce4_b.jpg'),(70,6,16,'吞拿鱼寿司',40.00,'吞拿鱼与米饭的经典搭配。',1,0,'https://pic1.zhimg.com/v2-125d31af7935b31ea8222e2f81c0dce4_b.jpg'),(71,6,16,'加州卷',38.00,'创新风味，丰富口感。',1,0,'https://pic1.zhimg.com/v2-125d31af7935b31ea8222e2f81c0dce4_b.jpg'),(72,6,16,'鳗鱼寿司',55.00,'烤鳗鱼搭配特制酱料。',1,0,'https://pic1.zhimg.com/v2-125d31af7935b31ea8222e2f81c0dce4_b.jpg'),(73,6,16,'蟹肉寿司',42.00,'鲜美蟹肉，口感细腻。',1,0,'https://pic1.zhimg.com/v2-125d31af7935b31ea8222e2f81c0dce4_b.jpg'),(74,6,16,'黄瓜卷',25.00,'清爽黄瓜，简单美味。',1,0,'https://pic1.zhimg.com/v2-125d31af7935b31ea8222e2f81c0dce4_b.jpg'),(75,6,16,'金枪鱼寿司',50.00,'新鲜金枪鱼，搭配特制米饭。',1,0,'https://pic1.zhimg.com/v2-125d31af7935b31ea8222e2f81c0dce4_b.jpg'),(76,6,16,'三文鱼刺身',60.00,'新鲜三文鱼，切片均匀。',1,0,'https://pic1.zhimg.com/v2-125d31af7935b31ea8222e2f81c0dce4_b.jpg'),(77,6,16,'甜虾刺身',58.00,'甜美虾肉，口感鲜嫩。',1,0,'https://pic1.zhimg.com/v2-125d31af7935b31ea8222e2f81c0dce4_b.jpg'),(78,6,17,'日式炸鸡',35.00,'日式风味，外酥里嫩。',1,0,'https://pic1.zhimg.com/v2-125d31af7935b31ea8222e2f81c0dce4_b.jpg'),(79,6,17,'日式炸猪排',40.00,'金黄酥脆，日式炸猪排。',1,0,'https://pic1.zhimg.com/v2-125d31af7935b31ea8222e2f81c0dce4_b.jpg'),(80,6,17,'章鱼小丸子',28.00,'日式街头小吃，章鱼小丸子。',1,0,'https://pic1.zhimg.com/v2-125d31af7935b31ea8222e2f81c0dce4_b.jpg'),(81,6,17,'日式煎饺',25.00,'香脆煎饺，日式风味。',1,0,'https://pic1.zhimg.com/v2-125d31af7935b31ea8222e2f81c0dce4_b.jpg'),(82,6,17,'日式炒面',30.00,'日式炒面，搭配特制酱料。',1,0,'https://pic1.zhimg.com/v2-125d31af7935b31ea8222e2f81c0dce4_b.jpg'),(83,6,18,'味增汤',15.00,'传统日式味增汤，搭配豆腐和海带。',1,0,'https://pic1.zhimg.com/v2-125d31af7935b31ea8222e2f81c0dce4_b.jpg'),(84,6,18,'日式酱汤',18.00,'酱香浓郁，日式风味。',1,0,'https://pic1.zhimg.com/v2-125d31af7935b31ea8222e2f81c0dce4_b.jpg'),(85,6,18,'海鲜汤',25.00,'新鲜海鲜，搭配特制酱料。',1,0,'https://pic1.zhimg.com/v2-125d31af7935b31ea8222e2f81c0dce4_b.jpg'),(86,6,18,'鸡肉汤',20.00,'鸡肉鲜美，汤味浓郁。',1,0,'https://pic1.zhimg.com/v2-125d31af7935b31ea8222e2f81c0dce4_b.jpg'),(87,6,18,'蔬菜汤',12.00,'新鲜蔬菜，健康美味。',1,0,'https://pic1.zhimg.com/v2-125d31af7935b31ea8222e2f81c0dce4_b.jpg'),(88,7,19,'全麦面包',8.00,'健康全麦，营养丰富。',1,0,'https://pic1.zhimg.com/v2-125d31af7935b31ea8222e2f81c0dce4_b.jpg'),(89,7,19,'白面包',7.00,'经典白面包，柔软可口。',1,0,'https://pic1.zhimg.com/v2-125d31af7935b31ea8222e2f81c0dce4_b.jpg'),(90,7,19,'法棍',9.00,'外酥内软，法式经典。',1,0,'https://pic1.zhimg.com/v2-125d31af7935b31ea8222e2f81c0dce4_b.jpg'),(91,7,19,'可颂',10.00,'层次分明，香酥可口。',1,0,'https://pic1.zhimg.com/v2-125d31af7935b31ea8222e2f81c0dce4_b.jpg'),(92,7,19,'丹麦面包',12.00,'丰富层次，香甜可口。',1,0,'https://pic1.zhimg.com/v2-125d31af7935b31ea8222e2f81c0dce4_b.jpg'),(93,7,19,'三明治',15.00,'多种口味，方便快捷。',1,0,'https://pic1.zhimg.com/v2-125d31af7935b31ea8222e2f81c0dce4_b.jpg'),(94,7,19,'披萨面包',18.00,'披萨风味，面包口感。',1,0,'https://pic1.zhimg.com/v2-125d31af7935b31ea8222e2f81c0dce4_b.jpg'),(95,7,19,'甜甜圈',6.00,'甜蜜圈圈，多口味选择。',1,0,'https://pic1.zhimg.com/v2-125d31af7935b31ea8222e2f81c0dce4_b.jpg'),(96,7,19,'贝果',7.00,'口感劲道，低脂健康。',1,0,'https://pic1.zhimg.com/v2-125d31af7935b31ea8222e2f81c0dce4_b.jpg'),(97,7,20,'奶油面包',11.00,'香浓奶油，甜而不腻。',1,0,'https://pic1.zhimg.com/v2-125d31af7935b31ea8222e2f81c0dce4_b.jpg'),(98,7,20,'果仁面包',13.00,'果仁丰富，营养健康。',1,0,'https://pic1.zhimg.com/v2-125d31af7935b31ea8222e2f81c0dce4_b.jpg'),(99,7,20,'巧克力面包',14.00,'巧克力酱心，甜蜜享受。',1,0,'https://pic1.zhimg.com/v2-125d31af7935b31ea8222e2f81c0dce4_b.jpg'),(100,7,20,'奶酪面包',15.00,'奶酪浓郁，口感细腻。',1,0,'https://pic1.zhimg.com/v2-125d31af7935b31ea8222e2f81c0dce4_b.jpg'),(101,7,20,'蒜香面包',12.00,'蒜香扑鼻，外酥内软。',1,0,'https://pic1.zhimg.com/v2-125d31af7935b31ea8222e2f81c0dce4_b.jpg'),(102,7,20,'蔬菜面包',10.00,'蔬菜丰富，健康选择。',1,0,'https://pic1.zhimg.com/v2-125d31af7935b31ea8222e2f81c0dce4_b.jpg'),(103,7,20,'火腿面包',16.00,'火腿香浓，肉感满满。',1,0,'https://pic1.zhimg.com/v2-125d31af7935b31ea8222e2f81c0dce4_b.jpg'),(104,7,20,'肉松面包',14.00,'肉松丰富，口感独特。',1,0,'https://pic1.zhimg.com/v2-125d31af7935b31ea8222e2f81c0dce4_b.jpg'),(105,7,20,'热狗面包',18.00,'经典热狗，方便快捷。',1,0,'https://pic1.zhimg.com/v2-125d31af7935b31ea8222e2f81c0dce4_b.jpg'),(106,8,21,'啤酒',10.00,'清爽啤酒，夏日首选。',1,0,'https://pic1.zhimg.com/v2-125d31af7935b31ea8222e2f81c0dce4_b.jpg'),(107,8,21,'红酒',120.00,'精选红酒，口感醇厚。',1,0,'https://pic1.zhimg.com/v2-125d31af7935b31ea8222e2f81c0dce4_b.jpg'),(108,8,21,'威士忌',150.00,'经典威士忌，品味之选。',1,0,'https://pic1.zhimg.com/v2-125d31af7935b31ea8222e2f81c0dce4_b.jpg'),(109,8,21,'鸡尾酒',45.00,'多种口味，色彩缤纷。',1,0,'https://pic1.zhimg.com/v2-125d31af7935b31ea8222e2f81c0dce4_b.jpg'),(110,8,21,'白酒',200.00,'传统白酒，香醇可口。',1,0,'https://pic1.zhimg.com/v2-125d31af7935b31ea8222e2f81c0dce4_b.jpg'),(111,8,21,'果汁',18.00,'新鲜水果榨汁，健康饮品。',1,0,'https://pic1.zhimg.com/v2-125d31af7935b31ea8222e2f81c0dce4_b.jpg'),(112,8,21,'苏打水',15.00,'清新苏打，解渴佳品。',1,0,'https://pic1.zhimg.com/v2-125d31af7935b31ea8222e2f81c0dce4_b.jpg'),(113,8,21,'矿泉水',10.00,'纯净矿水，日常饮用。',1,0,'https://pic1.zhimg.com/v2-125d31af7935b31ea8222e2f81c0dce4_b.jpg'),(114,8,21,'可乐',8.00,'经典碳酸饮料，畅爽口感。',1,0,'https://pic1.zhimg.com/v2-125d31af7935b31ea8222e2f81c0dce4_b.jpg'),(115,8,21,'雪碧',8.00,'柠檬口味，清凉解渴。',1,0,'https://pic1.zhimg.com/v2-125d31af7935b31ea8222e2f81c0dce4_b.jpg'),(116,8,22,'水果拼盘',30.00,'多种水果，新鲜美味。',1,0,'https://pic1.zhimg.com/v2-125d31af7935b31ea8222e2f81c0dce4_b.jpg'),(117,8,22,'蔬菜沙拉',25.00,'新鲜蔬菜，健康首选。',1,0,'https://pic1.zhimg.com/v2-125d31af7935b31ea8222e2f81c0dce4_b.jpg'),(118,8,22,'坚果拼盘',40.00,'多种坚果，营养丰富。',1,0,'https://pic1.zhimg.com/v2-125d31af7935b31ea8222e2f81c0dce4_b.jpg'),(119,8,22,'奶酪拼盘',50.00,'多种奶酪，搭配饼干。',1,0,'https://pic1.zhimg.com/v2-125d31af7935b31ea8222e2f81c0dce4_b.jpg'),(120,8,22,'肉类拼盘',60.00,'多种肉类，搭配酱料。',1,0,'https://pic1.zhimg.com/v2-125d31af7935b31ea8222e2f81c0dce4_b.jpg'),(121,8,22,'海鲜拼盘',70.00,'新鲜海鲜，搭配特制酱料。',1,0,'https://pic1.zhimg.com/v2-125d31af7935b31ea8222e2f81c0dce4_b.jpg'),(122,8,22,'寿司拼盘',80.00,'多种寿司，适合分享。',1,0,'https://pic1.zhimg.com/v2-125d31af7935b31ea8222e2f81c0dce4_b.jpg'),(123,8,22,'烧烤拼盘',90.00,'多种烧烤，搭配特制酱料。',1,0,'https://pic1.zhimg.com/v2-125d31af7935b31ea8222e2f81c0dce4_b.jpg'),(124,8,22,'甜点拼盘',45.00,'多种甜点，甜蜜享受。',1,0,'https://pic1.zhimg.com/v2-125d31af7935b31ea8222e2f81c0dce4_b.jpg'),(125,9,23,'羊肉串',15.00,'新疆风味，香辣可口。',1,0,'https://pic1.zhimg.com/v2-125d31af7935b31ea8222e2f81c0dce4_b.jpg'),(126,9,23,'牛肉串',12.00,'肉质鲜嫩，孜然香味。',1,0,'https://pic1.zhimg.com/v2-125d31af7935b31ea8222e2f81c0dce4_b.jpg'),(127,9,23,'烤鸡翅',10.00,'外皮酥脆，内肉多汁。',1,0,'https://pic1.zhimg.com/v2-125d31af7935b31ea8222e2f81c0dce4_b.jpg'),(128,9,23,'烤茄子',8.00,'蒜香浓郁，软糯可口。',1,0,'https://pic1.zhimg.com/v2-125d31af7935b31ea8222e2f81c0dce4_b.jpg'),(129,9,23,'烤玉米',5.00,'金黄玉米，香甜软糯。',1,0,'https://pic1.zhimg.com/v2-125d31af7935b31ea8222e2f81c0dce4_b.jpg'),(130,9,23,'烤馒头',3.00,'外酥内软，简单美味。',1,0,'https://pic1.zhimg.com/v2-125d31af7935b31ea8222e2f81c0dce4_b.jpg'),(131,9,23,'烤鱼',30.00,'新鲜烤鱼，香辣可口。',1,0,'https://pic1.zhimg.com/v2-125d31af7935b31ea8222e2f81c0dce4_b.jpg'),(132,9,23,'烤虾',20.00,'新鲜烤虾，肉质鲜美。',1,0,'https://pic1.zhimg.com/v2-125d31af7935b31ea8222e2f81c0dce4_b.jpg'),(133,9,23,'烤土豆',6.00,'香辣土豆，外酥内软。',1,0,'https://pic1.zhimg.com/v2-125d31af7935b31ea8222e2f81c0dce4_b.jpg'),(134,9,24,'羊肉汤',25.00,'羊肉鲜美，汤味浓郁。',1,0,'https://pic1.zhimg.com/v2-125d31af7935b31ea8222e2f81c0dce4_b.jpg'),(135,9,24,'牛肉汤',22.00,'牛肉鲜嫩，汤味醇厚。',1,0,'https://pic1.zhimg.com/v2-125d31af7935b31ea8222e2f81c0dce4_b.jpg'),(136,9,24,'海鲜汤',30.00,'新鲜海鲜，汤味鲜美。',1,0,'https://pic1.zhimg.com/v2-125d31af7935b31ea8222e2f81c0dce4_b.jpg'),(137,9,24,'蔬菜汤',15.00,'新鲜蔬菜，健康美味。',1,0,'https://pic1.zhimg.com/v2-125d31af7935b31ea8222e2f81c0dce4_b.jpg'),(138,9,24,'豆腐汤',18.00,'嫩滑豆腐，搭配特制酱料。',1,0,'https://pic1.zhimg.com/v2-125d31af7935b31ea8222e2f81c0dce4_b.jpg'),(139,9,24,'蘑菇汤',20.00,'多种蘑菇，鲜美可口。',1,0,'https://pic1.zhimg.com/v2-125d31af7935b31ea8222e2f81c0dce4_b.jpg'),(140,9,24,'鸡肉汤',22.00,'鸡肉鲜美，汤味浓郁。',1,0,'https://pic1.zhimg.com/v2-125d31af7935b31ea8222e2f81c0dce4_b.jpg'),(141,9,24,'牛肉面汤',28.00,'牛肉鲜嫩，面条劲道。',1,0,'https://pic1.zhimg.com/v2-125d31af7935b31ea8222e2f81c0dce4_b.jpg'),(142,9,24,'羊肉面汤',25.00,'羊肉鲜美，面条劲道。',1,0,'https://pic1.zhimg.com/v2-125d31af7935b31ea8222e2f81c0dce4_b.jpg'),(143,10,25,'三文鱼刺身',88.00,'新鲜三文鱼，切片均匀。',1,0,'https://pic1.zhimg.com/v2-125d31af7935b31ea8222e2f81c0dce4_b.jpg'),(144,10,25,'甜虾刺身',58.00,'甜美虾肉，口感鲜嫩。',1,0,'https://pic1.zhimg.com/v2-125d31af7935b31ea8222e2f81c0dce4_b.jpg'),(145,10,25,'金枪鱼刺身',65.00,'新鲜金枪鱼，搭配特制米饭。',1,0,'https://pic1.zhimg.com/v2-125d31af7935b31ea8222e2f81c0dce4_b.jpg'),(146,10,25,'海胆刺身',90.00,'新鲜海胆，口感细腻。',1,0,'https://pic1.zhimg.com/v2-125d31af7935b31ea8222e2f81c0dce4_b.jpg'),(147,10,25,'北极贝刺身',75.00,'甜美北极贝，口感独特。',1,0,'https://pic1.zhimg.com/v2-125d31af7935b31ea8222e2f81c0dce4_b.jpg'),(148,10,25,'章鱼刺身',55.00,'新鲜章鱼，口感爽脆。',1,0,'https://pic1.zhimg.com/v2-125d31af7935b31ea8222e2f81c0dce4_b.jpg'),(149,10,25,'鲷鱼刺身',70.00,'新鲜鲷鱼，搭配特制酱料。',1,0,'https://pic1.zhimg.com/v2-125d31af7935b31ea8222e2f81c0dce4_b.jpg'),(150,10,25,'带鱼刺身',60.00,'新鲜带鱼，口感鲜美。',1,0,'https://pic1.zhimg.com/v2-125d31af7935b31ea8222e2f81c0dce4_b.jpg'),(151,10,25,'鲈鱼刺身',68.00,'新鲜鲈鱼，搭配特制米饭。',1,0,'https://pic1.zhimg.com/v2-125d31af7935b31ea8222e2f81c0dce4_b.jpg'),(152,10,26,'寿司拼盘',120.00,'多种寿司组合，适合分享。',1,0,'https://pic1.zhimg.com/v2-125d31af7935b31ea8222e2f81c0dce4_b.jpg'),(153,10,26,'刺身拼盘',150.00,'多种刺身组合，新鲜美味。',1,0,'https://pic1.zhimg.com/v2-125d31af7935b31ea8222e2f81c0dce4_b.jpg'),(154,10,26,'日式便当',80.00,'日式便当，搭配丰富。',1,0,'https://pic1.zhimg.com/v2-125d31af7935b31ea8222e2f81c0dce4_b.jpg'),(155,10,26,'天妇罗',50.00,'日式天妇罗，香脆可口。',1,0,'https://pic1.zhimg.com/v2-125d31af7935b31ea8222e2f81c0dce4_b.jpg'),(156,10,26,'日式拉面',45.00,'日式拉面，汤鲜味美。',1,0,'https://pic1.zhimg.com/v2-125d31af7935b31ea8222e2f81c0dce4_b.jpg'),(157,10,26,'日式炒面',40.00,'日式炒面，搭配特制酱料。',1,0,'https://pic1.zhimg.com/v2-125d31af7935b31ea8222e2f81c0dce4_b.jpg'),(158,10,26,'日式烧烤',60.00,'日式烧烤，风味独特。',1,0,'https://pic1.zhimg.com/v2-125d31af7935b31ea8222e2f81c0dce4_b.jpg'),(159,10,26,'日式炸鸡',35.00,'日式炸鸡，外酥里嫩。',1,0,'https://pic1.zhimg.com/v2-125d31af7935b31ea8222e2f81c0dce4_b.jpg'),(160,10,26,'日式煎饺',30.00,'日式煎饺，香脆可口。',1,0,'https://pic1.zhimg.com/v2-125d31af7935b31ea8222e2f81c0dce4_b.jpg'),(161,11,27,'蔬菜沙拉',25.00,'新鲜蔬菜，健康首选。',1,0,'https://pic1.zhimg.com/v2-125d31af7935b31ea8222e2f81c0dce4_b.jpg'),(162,11,27,'水果沙拉',20.00,'多种水果，清新爽口。',1,0,'https://pic1.zhimg.com/v2-125d31af7935b31ea8222e2f81c0dce4_b.jpg'),(163,11,27,'藜麦沙拉',30.00,'健康藜麦，营养丰富。',1,0,'https://pic1.zhimg.com/v2-125d31af7935b31ea8222e2f81c0dce4_b.jpg'),(164,11,27,'豆腐沙拉',18.00,'嫩滑豆腐，搭配特制酱汁。',1,0,'https://pic1.zhimg.com/v2-125d31af7935b31ea8222e2f81c0dce4_b.jpg'),(165,11,27,'蘑菇沙拉',28.00,'多种蘑菇，鲜美可口。',1,0,'https://pic1.zhimg.com/v2-125d31af7935b31ea8222e2f81c0dce4_b.jpg'),(166,11,27,'南瓜沙拉',22.00,'甜糯南瓜，搭配蜂蜜。',1,0,'https://pic1.zhimg.com/v2-125d31af7935b31ea8222e2f81c0dce4_b.jpg'),(167,11,27,'土豆沙拉',15.00,'软糯土豆，搭配特制酱汁。',1,0,'https://pic1.zhimg.com/v2-125d31af7935b31ea8222e2f81c0dce4_b.jpg'),(168,11,27,'希腊沙拉',35.00,'地中海风味，健康美味。',1,0,'https://pic1.zhimg.com/v2-125d31af7935b31ea8222e2f81c0dce4_b.jpg'),(169,11,27,'凯撒沙拉',40.00,'经典凯撒，搭配香脆面包丁。',1,0,'https://pic1.zhimg.com/v2-125d31af7935b31ea8222e2f81c0dce4_b.jpg'),(170,11,28,'意面沙拉',32.00,'意面搭配新鲜蔬菜，独特风味。',1,0,'https://pic1.zhimg.com/v2-125d31af7935b31ea8222e2f81c0dce4_b.jpg'),(171,11,28,'鸡肉沙拉',28.00,'低脂健康，口感丰富。',1,0,'https://pic1.zhimg.com/v2-125d31af7935b31ea8222e2f81c0dce4_b.jpg'),(172,11,28,'金枪鱼沙拉',40.00,'新鲜金枪鱼，搭配特制酱汁。',1,0,'https://pic1.zhimg.com/v2-125d31af7935b31ea8222e2f81c0dce4_b.jpg'),(173,11,28,'华道夫沙拉',45.00,'经典美式，口感丰富。',1,0,'https://pic1.zhimg.com/v2-125d31af7935b31ea8222e2f81c0dce4_b.jpg'),(174,11,28,'尼斯沙拉',35.00,'法式风味，清新健康。',1,0,'https://pic1.zhimg.com/v2-125d31af7935b31ea8222e2f81c0dce4_b.jpg'),(175,11,28,'泰式鸡肉沙拉',38.00,'泰式风味，鸡肉鲜美。',1,0,'https://pic1.zhimg.com/v2-125d31af7935b31ea8222e2f81c0dce4_b.jpg'),(176,11,28,'泰式海鲜沙拉',42.00,'泰式风味，海鲜丰富。',1,0,'https://pic1.zhimg.com/v2-125d31af7935b31ea8222e2f81c0dce4_b.jpg'),(177,11,28,'泰式豆腐沙拉',25.00,'泰式风味，豆腐嫩滑。',1,0,'https://pic1.zhimg.com/v2-125d31af7935b31ea8222e2f81c0dce4_b.jpg'),(178,11,28,'泰式蔬菜沙拉',20.00,'泰式风味，蔬菜多样。',1,0,'https://pic1.zhimg.com/v2-125d31af7935b31ea8222e2f81c0dce4_b.jpg'),(179,12,29,'印度咖喱鸡',45.00,'香辣咖喱，鸡肉鲜美。',1,0,'https://pic1.zhimg.com/v2-125d31af7935b31ea8222e2f81c0dce4_b.jpg'),(180,12,29,'印度烤饼',12.00,'香脆烤饼，搭配咖喱。',1,0,'https://pic1.zhimg.com/v2-125d31af7935b31ea8222e2f81c0dce4_b.jpg'),(181,12,29,'印度炒饭',30.00,'印度香料，风味独特。',1,0,'https://pic1.zhimg.com/v2-125d31af7935b31ea8222e2f81c0dce4_b.jpg'),(182,12,29,'印度酸奶',10.00,'酸甜可口，解腻佳品。',1,0,'https://pic1.zhimg.com/v2-125d31af7935b31ea8222e2f81c0dce4_b.jpg'),(183,12,29,'印度香料羊肉',55.00,'香料独特，肉质鲜嫩。',1,0,'https://pic1.zhimg.com/v2-125d31af7935b31ea8222e2f81c0dce4_b.jpg'),(184,12,29,'印度蔬菜咖喱',35.00,'蔬菜丰富，咖喱香浓。',1,0,'https://pic1.zhimg.com/v2-125d31af7935b31ea8222e2f81c0dce4_b.jpg'),(185,12,29,'印度飞饼',18.00,'层次分明，香酥可口。',1,0,'https://pic1.zhimg.com/v2-125d31af7935b31ea8222e2f81c0dce4_b.jpg'),(186,12,29,'印度奶茶',20.00,'香浓奶茶，印度风味。',1,0,'https://pic1.zhimg.com/v2-125d31af7935b31ea8222e2f81c0dce4_b.jpg'),(187,12,29,'印度香料烤鱼',48.00,'香料烤制，风味独特。',1,0,'https://pic1.zhimg.com/v2-125d31af7935b31ea8222e2f81c0dce4_b.jpg'),(188,12,30,'印度咖喱牛肉',50.00,'香辣咖喱，牛肉鲜嫩。',1,0,'https://pic1.zhimg.com/v2-125d31af7935b31ea8222e2f81c0dce4_b.jpg'),(189,12,30,'印度咖喱蔬菜',25.00,'咖喱香浓，蔬菜多样。',1,0,'https://pic1.zhimg.com/v2-125d31af7935b31ea8222e2f81c0dce4_b.jpg'),(190,12,30,'印度咖喱羊肉',55.00,'咖喱浓郁，羊肉鲜美。',1,0,'https://pic1.zhimg.com/v2-125d31af7935b31ea8222e2f81c0dce4_b.jpg'),(191,12,30,'印度咖喱海鲜',60.00,'海鲜丰富，咖喱鲜美。',1,0,'https://pic1.zhimg.com/v2-125d31af7935b31ea8222e2f81c0dce4_b.jpg'),(192,12,30,'印度香料烤鸡',40.00,'香料烤制，鸡肉多汁。',1,0,'https://pic1.zhimg.com/v2-125d31af7935b31ea8222e2f81c0dce4_b.jpg'),(193,12,30,'印度香料炒饭',35.00,'香料炒饭，风味独特。',1,0,'https://pic1.zhimg.com/v2-125d31af7935b31ea8222e2f81c0dce4_b.jpg'),(194,12,30,'印度香料炒面',30.00,'香料炒面，口感丰富。',1,0,'https://pic1.zhimg.com/v2-125d31af7935b31ea8222e2f81c0dce4_b.jpg'),(195,12,30,'印度香料汤',28.00,'香料汤鲜，搭配蔬菜。',1,0,'https://pic1.zhimg.com/v2-125d31af7935b31ea8222e2f81c0dce4_b.jpg'),(196,12,30,'印度香料炖肉',58.00,'香料炖肉，肉质鲜嫩。',1,0,'https://pic1.zhimg.com/v2-125d31af7935b31ea8222e2f81c0dce4_b.jpg'),(197,16,31,'韩式泡菜',20.00,'韩国风味，酸辣可口。',1,0,'https://pic1.zhimg.com/v2-125d31af7935b31ea8222e2f81c0dce4_b.jpg'),(198,16,31,'韩式拌饭',35.00,'多种蔬菜，搭配特制酱料。',1,0,'https://pic1.zhimg.com/v2-125d31af7935b31ea8222e2f81c0dce4_b.jpg'),(199,16,31,'韩式烤肉',60.00,'肉质鲜嫩，韩式烤肉。',1,0,'https://pic1.zhimg.com/v2-125d31af7935b31ea8222e2f81c0dce4_b.jpg'),(200,16,31,'韩式冷面',30.00,'清凉爽口，夏日佳品。',1,0,'https://pic1.zhimg.com/v2-125d31af7935b31ea8222e2f81c0dce4_b.jpg'),(201,16,31,'韩式炒年糕',25.00,'年糕软糯，韩式辣酱。',1,0,'https://pic1.zhimg.com/v2-125d31af7935b31ea8222e2f81c0dce4_b.jpg'),(202,16,31,'韩式炸鸡',45.00,'外皮酥脆，内肉多汁。',1,0,'https://pic1.zhimg.com/v2-125d31af7935b31ea8222e2f81c0dce4_b.jpg'),(203,16,31,'韩式石锅拌饭',40.00,'石锅保温，拌饭香浓。',1,0,'https://pic1.zhimg.com/v2-125d31af7935b31ea8222e2f81c0dce4_b.jpg'),(204,16,31,'韩式泡菜汤',38.00,'泡菜酸辣，汤味鲜美。',1,0,'https://pic1.zhimg.com/v2-125d31af7935b31ea8222e2f81c0dce4_b.jpg'),(205,16,31,'韩式海鲜煎饼',42.00,'海鲜丰富，煎饼酥脆。',1,0,'https://pic1.zhimg.com/v2-125d31af7935b31ea8222e2f81c0dce4_b.jpg'),(206,16,32,'韩式辣炒年糕',28.00,'年糕软糯，辣酱香辣。',1,0,'https://pic1.zhimg.com/v2-125d31af7935b31ea8222e2f81c0dce4_b.jpg'),(207,16,32,'韩式豆腐汤',22.00,'豆腐嫩滑，汤味鲜美。',1,0,'https://pic1.zhimg.com/v2-125d31af7935b31ea8222e2f81c0dce4_b.jpg'),(208,16,32,'韩式牛肉汤',30.00,'牛肉鲜美，汤味浓郁。',1,0,'https://pic1.zhimg.com/v2-125d31af7935b31ea8222e2f81c0dce4_b.jpg'),(209,16,32,'韩式鸡肉汤',25.00,'鸡肉鲜美，汤味香浓。',1,0,'https://pic1.zhimg.com/v2-125d31af7935b31ea8222e2f81c0dce4_b.jpg'),(210,16,32,'韩式蘑菇汤',20.00,'蘑菇鲜美，汤味醇厚。',1,0,'https://pic1.zhimg.com/v2-125d31af7935b31ea8222e2f81c0dce4_b.jpg'),(211,16,32,'韩式蔬菜汤',18.00,'蔬菜丰富，健康美味。',1,0,'https://pic1.zhimg.com/v2-125d31af7935b31ea8222e2f81c0dce4_b.jpg'),(212,16,32,'韩式海鲜汤',35.00,'海鲜丰富，汤味鲜美。',1,0,'https://pic1.zhimg.com/v2-125d31af7935b31ea8222e2f81c0dce4_b.jpg'),(213,16,32,'韩式牛肉面汤',28.00,'牛肉鲜嫩，面条劲道。',1,0,'https://pic1.zhimg.com/v2-125d31af7935b31ea8222e2f81c0dce4_b.jpg'),(214,16,32,'韩式鸡肉面汤',25.00,'鸡肉鲜美，面条劲道。',1,0,'https://pic1.zhimg.com/v2-125d31af7935b31ea8222e2f81c0dce4_b.jpg'),(215,17,33,'法式洋葱汤',45.00,'洋葱香浓，法式风味。',1,0,'https://pic1.zhimg.com/v2-125d31af7935b31ea8222e2f81c0dce4_b.jpg'),(216,17,33,'法式煎鸭胸',75.00,'鸭胸多汁，搭配香煎。',1,0,'https://pic1.zhimg.com/v2-125d31af7935b31ea8222e2f81c0dce4_b.jpg'),(217,17,33,'法式蜗牛',80.00,'经典法式，蜗牛鲜美。',1,0,'https://pic1.zhimg.com/v2-125d31af7935b31ea8222e2f81c0dce4_b.jpg'),(218,17,33,'法式鹅肝',120.00,'顶级鹅肝，口感细腻。',1,0,'https://pic1.zhimg.com/v2-125d31af7935b31ea8222e2f81c0dce4_b.jpg'),(219,17,33,'法式红酒炖牛肉',90.00,'红酒香气，牛肉鲜嫩。',1,0,'https://pic1.zhimg.com/v2-125d31af7935b31ea8222e2f81c0dce4_b.jpg'),(220,17,33,'法式尼斯沙拉',50.00,'地中海风味，清新健康。',1,0,'https://pic1.zhimg.com/v2-125d31af7935b31ea8222e2f81c0dce4_b.jpg'),(221,17,33,'法式焦糖布丁',30.00,'焦糖甜蜜，布丁嫩滑。',1,0,'https://pic1.zhimg.com/v2-125d31af7935b31ea8222e2f81c0dce4_b.jpg'),(222,17,33,'法式羊排',95.00,'羊排香嫩，法式烹饪。',1,0,'https://pic1.zhimg.com/v2-125d31af7935b31ea8222e2f81c0dce4_b.jpg'),(223,17,33,'法式三明治',40.00,'法式面包，搭配多种配料。',1,0,'https://pic1.zhimg.com/v2-125d31af7935b31ea8222e2f81c0dce4_b.jpg'),(224,17,34,'法式奶酪盘',60.00,'多种奶酪，法式经典。',1,0,'https://pic1.zhimg.com/v2-125d31af7935b31ea8222e2f81c0dce4_b.jpg'),(225,17,34,'法式甜点拼盘',65.00,'多种甜点，甜蜜享受。',1,0,'https://pic1.zhimg.com/v2-125d31af7935b31ea8222e2f81c0dce4_b.jpg'),(226,17,34,'法式面包篮',45.00,'多种面包，法式风味。',1,0,'https://pic1.zhimg.com/v2-125d31af7935b31ea8222e2f81c0dce4_b.jpg'),(227,17,34,'法式蔬菜汤',35.00,'蔬菜丰富，汤味鲜美。',1,0,'https://pic1.zhimg.com/v2-125d31af7935b31ea8222e2f81c0dce4_b.jpg'),(228,17,34,'法式海鲜汤',70.00,'海鲜丰富，法式烹饪。',1,0,'https://pic1.zhimg.com/v2-125d31af7935b31ea8222e2f81c0dce4_b.jpg'),(229,17,34,'法式蘑菇汤',40.00,'蘑菇鲜美，汤味醇厚。',1,0,'https://pic1.zhimg.com/v2-125d31af7935b31ea8222e2f81c0dce4_b.jpg'),(230,17,34,'法式鸡肉汤',38.00,'鸡肉鲜美，汤味香浓。',1,0,'https://pic1.zhimg.com/v2-125d31af7935b31ea8222e2f81c0dce4_b.jpg'),(231,17,34,'法式牛肉汤',42.00,'牛肉鲜美，汤味浓郁。',1,0,'https://pic1.zhimg.com/v2-125d31af7935b31ea8222e2f81c0dce4_b.jpg'),(232,17,34,'法式番茄汤',30.00,'番茄酸甜，汤味鲜美。',1,0,'https://pic1.zhimg.com/v2-125d31af7935b31ea8222e2f81c0dce4_b.jpg'),(233,18,35,'地中海烤鱼',65.00,'地中海风味，烤鱼鲜美。',1,0,'https://pic1.zhimg.com/v2-125d31af7935b31ea8222e2f81c0dce4_b.jpg'),(234,18,35,'地中海沙拉',35.00,'新鲜蔬菜，搭配橄榄油。',1,0,'https://pic1.zhimg.com/v2-125d31af7935b31ea8222e2f81c0dce4_b.jpg'),(235,18,35,'地中海烤羊肉',58.00,'羊肉鲜嫩，地中海香料。',1,0,'https://pic1.zhimg.com/v2-125d31af7935b31ea8222e2f81c0dce4_b.jpg'),(236,18,35,'地中海海鲜烩饭',50.00,'海鲜丰富，烩饭香浓。',1,0,'https://pic1.zhimg.com/v2-125d31af7935b31ea8222e2f81c0dce4_b.jpg'),(237,18,35,'地中海烤蔬菜',30.00,'蔬菜多样，烤制健康。',1,0,'https://pic1.zhimg.com/v2-125d31af7935b31ea8222e2f81c0dce4_b.jpg'),(238,18,35,'地中海酸奶黄瓜',25.00,'酸奶搭配黄瓜，清新爽口。',1,0,'https://pic1.zhimg.com/v2-125d31af7935b31ea8222e2f81c0dce4_b.jpg'),(239,18,35,'地中海烤虾',48.00,'虾肉鲜美，地中海风味。',1,0,'https://pic1.zhimg.com/v2-125d31af7935b31ea8222e2f81c0dce4_b.jpg'),(240,18,35,'地中海海鲜汤',42.00,'海鲜丰富，汤味鲜美。',1,0,'https://pic1.zhimg.com/v2-125d31af7935b31ea8222e2f81c0dce4_b.jpg'),(241,18,35,'地中海烤羊排',75.00,'羊排多汁，地中海香料。',1,0,'https://pic1.zhimg.com/v2-125d31af7935b31ea8222e2f81c0dce4_b.jpg'),(242,18,36,'地中海烤鸡腿',38.00,'鸡腿鲜嫩，烤制香浓。',1,0,'https://pic1.zhimg.com/v2-125d31af7935b31ea8222e2f81c0dce4_b.jpg'),(243,18,36,'地中海烤牛肉',55.00,'牛肉鲜嫩，地中海风味。',1,0,'https://pic1.zhimg.com/v2-125d31af7935b31ea8222e2f81c0dce4_b.jpg'),(244,18,36,'地中海烤茄子',20.00,'茄子软糯，搭配地中海香料。',1,0,'https://pic1.zhimg.com/v2-125d31af7935b31ea8222e2f81c0dce4_b.jpg'),(245,18,36,'地中海烤南瓜',22.00,'南瓜香甜，烤制风味。',1,0,'https://pic1.zhimg.com/v2-125d31af7935b31ea8222e2f81c0dce4_b.jpg'),(246,18,36,'地中海烤玉米',15.00,'玉米香甜，地中海风味。',1,0,'https://pic1.zhimg.com/v2-125d31af7935b31ea8222e2f81c0dce4_b.jpg'),(247,18,36,'地中海烤土豆',18.00,'土豆软糯，搭配地中海香料。',1,0,'https://pic1.zhimg.com/v2-125d31af7935b31ea8222e2f81c0dce4_b.jpg'),(248,18,36,'地中海烤西红柿',25.00,'西红柿酸甜，烤制风味。',1,0,'https://pic1.zhimg.com/v2-125d31af7935b31ea8222e2f81c0dce4_b.jpg'),(249,18,36,'地中海烤青椒',22.00,'青椒香辣，烤制风味。',1,0,'https://pic1.zhimg.com/v2-125d31af7935b31ea8222e2f81c0dce4_b.jpg'),(250,18,36,'地中海烤洋葱',12.00,'洋葱香脆，烤制风味。',1,0,'https://pic1.zhimg.com/v2-125d31af7935b31ea8222e2f81c0dce4_b.jpg'),(251,19,37,'有机蔬菜沙拉',35.00,'多种有机蔬菜，健康美味。',1,0,'https://pic1.zhimg.com/v2-125d31af7935b31ea8222e2f81c0dce4_b.jpg'),(252,19,37,'有机水果盘',40.00,'精选有机水果，新鲜可口。',1,0,'https://pic1.zhimg.com/v2-125d31af7935b31ea8222e2f81c0dce4_b.jpg'),(253,19,37,'有机全麦面包',18.00,'全麦健康，有机认证。',1,0,'https://pic1.zhimg.com/v2-125d31af7935b31ea8222e2f81c0dce4_b.jpg'),(254,19,37,'有机蔬菜汁',25.00,'新鲜蔬菜榨汁，营养丰富。',1,0,'https://pic1.zhimg.com/v2-125d31af7935b31ea8222e2f81c0dce4_b.jpg'),(255,19,37,'有机燕麦片',30.00,'燕麦健康，有机种植。',1,0,'https://pic1.zhimg.com/v2-125d31af7935b31ea8222e2f81c0dce4_b.jpg'),(256,19,37,'有机蜂蜜',50.00,'天然蜂蜜，有机认证。',1,0,'https://pic1.zhimg.com/v2-125d31af7935b31ea8222e2f81c0dce4_b.jpg'),(257,19,37,'有机坚果混合',45.00,'多种坚果，有机健康。',1,0,'https://pic1.zhimg.com/v2-125d31af7935b31ea8222e2f81c0dce4_b.jpg'),(258,19,37,'有机豆浆',15.00,'豆浆香浓，有机大豆。',1,0,'https://pic1.zhimg.com/v2-125d31af7935b31ea8222e2f81c0dce4_b.jpg'),(259,19,37,'有机蔬菜汤',28.00,'蔬菜丰富，汤味鲜美。',1,0,'https://pic1.zhimg.com/v2-125d31af7935b31ea8222e2f81c0dce4_b.jpg'),(260,19,37,'有机水果茶',35.00,'多种水果，清新茶饮。',1,0,'https://pic1.zhimg.com/v2-125d31af7935b31ea8222e2f81c0dce4_b.jpg'),(261,19,38,'有机蔬菜卷',20.00,'蔬菜丰富，搭配有机酱料。',1,0,'https://pic1.zhimg.com/v2-125d31af7935b31ea8222e2f81c0dce4_b.jpg'),(262,19,38,'有机蔬菜汉堡',25.00,'汉堡健康，蔬菜多样。',1,0,'https://pic1.zhimg.com/v2-125d31af7935b31ea8222e2f81c0dce4_b.jpg'),(263,19,38,'有机蔬菜披萨',30.00,'披萨香浓，蔬菜丰富。',1,0,'https://pic1.zhimg.com/v2-125d31af7935b31ea8222e2f81c0dce4_b.jpg'),(264,19,38,'有机蔬菜意面',28.00,'意面劲道，蔬菜香浓。',1,0,'https://pic1.zhimg.com/v2-125d31af7935b31ea8222e2f81c0dce4_b.jpg'),(265,19,38,'有机蔬菜炒饭',22.00,'炒饭香浓，蔬菜多样。',1,0,'https://pic1.zhimg.com/v2-125d31af7935b31ea8222e2f81c0dce4_b.jpg'),(266,19,38,'有机蔬菜炖汤',35.00,'炖汤浓郁，蔬菜鲜美。',1,0,'https://pic1.zhimg.com/v2-125d31af7935b31ea8222e2f81c0dce4_b.jpg'),(267,19,38,'有机蔬菜烤串',18.00,'烤串香脆，蔬菜多样。',1,0,'https://pic1.zhimg.com/v2-125d31af7935b31ea8222e2f81c0dce4_b.jpg'),(268,19,38,'有机蔬菜拌面',15.00,'拌面劲道，蔬菜香浓。',1,0,'https://pic1.zhimg.com/v2-125d31af7935b31ea8222e2f81c0dce4_b.jpg'),(269,19,38,'有机蔬菜炒蛋',12.00,'炒蛋滑嫩，蔬菜鲜美。',1,0,'https://pic1.zhimg.com/v2-125d31af7935b31ea8222e2f81c0dce4_b.jpg'),(270,20,39,'健康蔬菜沙拉',32.00,'新鲜蔬菜，健康低卡。',1,0,'https://pic1.zhimg.com/v2-125d31af7935b31ea8222e2f81c0dce4_b.jpg'),(271,20,39,'健康鸡肉沙拉',38.00,'低脂鸡肉，搭配蔬菜。',1,0,'https://pic1.zhimg.com/v2-125d31af7935b31ea8222e2f81c0dce4_b.jpg'),(272,20,39,'健康燕麦粥',20.00,'燕麦健康，搭配水果。',1,0,'https://pic1.zhimg.com/v2-125d31af7935b31ea8222e2f81c0dce4_b.jpg'),(273,20,39,'健康豆腐汤',18.00,'豆腐嫩滑，健康低脂。',1,0,'https://pic1.zhimg.com/v2-125d31af7935b31ea8222e2f81c0dce4_b.jpg'),(274,20,39,'健康藜麦饭',25.00,'藜麦健康，搭配蔬菜。',1,0,'https://pic1.zhimg.com/v2-125d31af7935b31ea8222e2f81c0dce4_b.jpg'),(275,20,39,'健康蔬菜汁',15.00,'新鲜蔬菜榨汁，健康饮品。',1,0,'https://pic1.zhimg.com/v2-125d31af7935b31ea8222e2f81c0dce4_b.jpg'),(276,20,39,'健康水果盘',30.00,'多种水果，健康美味。',1,0,'https://pic1.zhimg.com/v2-125d31af7935b31ea8222e2f81c0dce4_b.jpg'),(277,20,39,'健康坚果混合',45.00,'多种坚果，健康零食。',1,0,'https://pic1.zhimg.com/v2-125d31af7935b31ea8222e2f81c0dce4_b.jpg'),(278,20,39,'健康酸奶',12.00,'酸奶健康，搭配水果。',1,0,'https://pic1.zhimg.com/v2-125d31af7935b31ea8222e2f81c0dce4_b.jpg'),(279,20,40,'健康蔬菜意面',28.00,'蔬菜丰富，意面健康。',1,0,'https://pic1.zhimg.com/v2-125d31af7935b31ea8222e2f81c0dce4_b.jpg'),(280,20,40,'健康蔬菜烤串',22.00,'烤串健康，蔬菜多样。',1,0,'https://pic1.zhimg.com/v2-125d31af7935b31ea8222e2f81c0dce4_b.jpg'),(281,20,40,'健康蔬菜披萨',30.00,'披萨健康，蔬菜丰富。',1,0,'https://pic1.zhimg.com/v2-125d31af7935b31ea8222e2f81c0dce4_b.jpg'),(282,20,40,'健康蔬菜炒饭',24.00,'炒饭健康，蔬菜多样。',1,0,'https://pic1.zhimg.com/v2-125d31af7935b31ea8222e2f81c0dce4_b.jpg'),(283,20,40,'健康蔬菜炖汤',35.00,'炖汤健康，蔬菜鲜美。',1,0,'https://pic1.zhimg.com/v2-125d31af7935b31ea8222e2f81c0dce4_b.jpg'),(284,20,40,'健康蔬菜拌面',18.00,'拌面健康，蔬菜多样。',1,0,'https://pic1.zhimg.com/v2-125d31af7935b31ea8222e2f81c0dce4_b.jpg'),(285,20,40,'健康蔬菜炒蛋',16.00,'炒蛋健康，蔬菜多样。',1,0,'https://pic1.zhimg.com/v2-125d31af7935b31ea8222e2f81c0dce4_b.jpg'),(286,20,40,'健康蔬菜汉堡',20.00,'汉堡健康，蔬菜丰富。',1,0,'https://pic1.zhimg.com/v2-125d31af7935b31ea8222e2f81c0dce4_b.jpg');
/*!40000 ALTER TABLE `product` ENABLE KEYS */;
UNLOCK TABLES;

--
-- Table structure for table `product_category`
--

DROP TABLE IF EXISTS `product_category`;
/*!40101 SET @saved_cs_client     = @@character_set_client */;
/*!50503 SET character_set_client = utf8mb4 */;
CREATE TABLE `product_category` (
  `category_id` int NOT NULL AUTO_INCREMENT,
  `merchant_id` int DEFAULT NULL,
  `category_name` varchar(255) NOT NULL,
  `is_deleted` tinyint(1) DEFAULT '0',
  PRIMARY KEY (`category_id`),
  KEY `merchant_id` (`merchant_id`),
  CONSTRAINT `product_category_ibfk_1` FOREIGN KEY (`merchant_id`) REFERENCES `merchant` (`merchant_id`)
) ENGINE=InnoDB AUTO_INCREMENT=91 DEFAULT CHARSET=utf8mb4 COLLATE=utf8mb4_0900_ai_ci;
/*!40101 SET character_set_client = @saved_cs_client */;

--
-- Dumping data for table `product_category`
--

LOCK TABLES `product_category` WRITE;
/*!40000 ALTER TABLE `product_category` DISABLE KEYS */;
INSERT INTO `product_category` VALUES (1,1,'中式热菜',0),(2,1,'中式点心',0),(3,1,'中式甜品',0),(4,2,'西式主菜',0),(5,2,'西式甜点',0),(6,2,'西式饮品',0),(7,3,'快餐汉堡',0),(8,3,'快餐小食',0),(9,3,'快餐沙拉',0),(10,4,'咖啡饮品',0),(11,4,'咖啡甜点',0),(12,4,'咖啡面包',0),(13,5,'甜品蛋糕',0),(14,5,'甜品冰淇淋',0),(15,5,'甜品饮品',0),(16,6,'寿司手卷',0),(17,6,'寿司刺身',0),(18,6,'日式烧烤',0),(19,7,'面包吐司',0),(20,7,'面包甜点',0),(21,7,'面包三明治',0),(22,8,'酒吧啤酒',0),(23,8,'酒吧鸡尾酒',0),(24,8,'酒吧小吃',0),(25,9,'烧烤羊肉串',0),(26,9,'烧烤牛肉串',0),(27,9,'烧烤海鲜',0),(28,10,'海鲜刺身',0),(29,10,'海鲜寿司',0),(30,10,'海鲜烧烤',0),(31,11,'素食沙拉',0),(32,11,'素食主食',0),(33,11,'素食饮品',0),(34,12,'印度咖喱',0),(35,12,'印度飞饼',0),(36,12,'印度米饭',0),(37,13,'墨西哥玉米片',0),(38,13,'墨西哥卷饼',0),(39,13,'墨西哥辣椒',0),(40,14,'泰国绿咖喱',0),(41,14,'泰国炒河粉',0),(42,14,'泰国冬阴功',0),(43,15,'日式寿司',0),(44,15,'日式拉面',0),(45,15,'日式烧烤',0),(46,16,'韩式泡菜',0),(47,16,'韩式拌饭',0),(48,16,'韩式冷面',0),(49,17,'法式甜点',0),(50,17,'法式面包',0),(51,17,'法式奶酪',0),(52,18,'地中海沙拉',0),(53,18,'地中海海鲜',0),(54,18,'地中海烤肉',0),(55,19,'有机蔬菜',0),(56,19,'有机水果',0),(57,19,'有机面包',0),(58,20,'健康沙拉',0),(59,20,'健康饮品',0),(60,20,'健康小吃',0),(61,21,'清真羊肉串',0),(62,21,'清真牛肉串',0),(63,21,'清真烤包子',0),(64,22,'犹太面包',0),(65,22,'犹太糕点',0),(66,22,'犹太饮品',0),(67,23,'面包烘焙',0),(68,23,'面包甜点',0),(69,23,'面包饼干',0),(70,24,'早餐麦片',0),(71,24,'早餐面包',0),(72,24,'早餐糕点',0),(73,25,'下午茶糕点',0),(74,25,'下午茶饮品',0),(75,25,'下午茶三明治',0),(76,26,'深夜食堂热菜',0),(77,26,'深夜食堂凉菜',0),(78,26,'深夜食堂烧烤',0),(79,27,'外卖快餐',0),(80,27,'外卖热菜',0),(81,27,'外卖凉菜',0),(82,28,'食品市场水果',0),(83,28,'食品市场蔬菜',0),(84,28,'食品市场肉类',0),(85,29,'特色小吃',0),(86,29,'街头美食',0),(87,29,'美食广场热菜',0),(88,30,'有机蔬菜',0),(89,30,'有机水果',0),(90,30,'有机面包',0);
/*!40000 ALTER TABLE `product_category` ENABLE KEYS */;
UNLOCK TABLES;

--
-- Table structure for table `user`
--

DROP TABLE IF EXISTS `user`;
/*!40101 SET @saved_cs_client     = @@character_set_client */;
/*!50503 SET character_set_client = utf8mb4 */;
CREATE TABLE `user` (
  `user_id` int NOT NULL AUTO_INCREMENT,
  `username` varchar(255) NOT NULL,
  `password` varchar(255) NOT NULL,
  `profile_picture` varchar(255) DEFAULT NULL,
  PRIMARY KEY (`user_id`),
  UNIQUE KEY `username` (`username`)
) ENGINE=InnoDB AUTO_INCREMENT=31 DEFAULT CHARSET=utf8mb4 COLLATE=utf8mb4_0900_ai_ci;
/*!40101 SET character_set_client = @saved_cs_client */;

--
-- Dumping data for table `user`
--

LOCK TABLES `user` WRITE;
/*!40000 ALTER TABLE `user` DISABLE KEYS */;
INSERT INTO `user` VALUES (1,'user31','e10adc3949ba59abbe56e057f20f883e','https://pic1.zhimg.com/v2-125d31af7935b31ea8222e2f81c0dce4_b.jpg'),(2,'user32','e10adc3949ba59abbe56e057f20f883e','https://pic1.zhimg.com/v2-125d31af7935b31ea8222e2f81c0dce4_b.jpg'),(3,'user33','e10adc3949ba59abbe56e057f20f883e','https://pic1.zhimg.com/v2-125d31af7935b31ea8222e2f81c0dce4_b.jpg'),(4,'user34','e10adc3949ba59abbe56e057f20f883e','https://pic1.zhimg.com/v2-125d31af7935b31ea8222e2f81c0dce4_b.jpg'),(5,'user35','e10adc3949ba59abbe56e057f20f883e','https://pic1.zhimg.com/v2-125d31af7935b31ea8222e2f81c0dce4_b.jpg'),(6,'user36','e10adc3949ba59abbe56e057f20f883e','https://pic1.zhimg.com/v2-125d31af7935b31ea8222e2f81c0dce4_b.jpg'),(7,'user37','e10adc3949ba59abbe56e057f20f883e','https://pic1.zhimg.com/v2-125d31af7935b31ea8222e2f81c0dce4_b.jpg'),(8,'user38','e10adc3949ba59abbe56e057f20f883e','https://pic1.zhimg.com/v2-125d31af7935b31ea8222e2f81c0dce4_b.jpg'),(9,'user39','e10adc3949ba59abbe56e057f20f883e','https://pic1.zhimg.com/v2-125d31af7935b31ea8222e2f81c0dce4_b.jpg'),(10,'user40','e10adc3949ba59abbe56e057f20f883e','https://pic1.zhimg.com/v2-125d31af7935b31ea8222e2f81c0dce4_b.jpg'),(11,'user41','e10adc3949ba59abbe56e057f20f883e','https://pic1.zhimg.com/v2-125d31af7935b31ea8222e2f81c0dce4_b.jpg'),(12,'user42','e10adc3949ba59abbe56e057f20f883e','https://pic1.zhimg.com/v2-125d31af7935b31ea8222e2f81c0dce4_b.jpg'),(13,'user43','e10adc3949ba59abbe56e057f20f883e','https://pic1.zhimg.com/v2-125d31af7935b31ea8222e2f81c0dce4_b.jpg'),(14,'user44','e10adc3949ba59abbe56e057f20f883e','https://pic1.zhimg.com/v2-125d31af7935b31ea8222e2f81c0dce4_b.jpg'),(15,'user45','e10adc3949ba59abbe56e057f20f883e','https://pic1.zhimg.com/v2-125d31af7935b31ea8222e2f81c0dce4_b.jpg'),(16,'user46','e10adc3949ba59abbe56e057f20f883e','https://pic1.zhimg.com/v2-125d31af7935b31ea8222e2f81c0dce4_b.jpg'),(17,'user47','e10adc3949ba59abbe56e057f20f883e','https://pic1.zhimg.com/v2-125d31af7935b31ea8222e2f81c0dce4_b.jpg'),(18,'user48','e10adc3949ba59abbe56e057f20f883e','https://pic1.zhimg.com/v2-125d31af7935b31ea8222e2f81c0dce4_b.jpg'),(19,'user49','e10adc3949ba59abbe56e057f20f883e','https://pic1.zhimg.com/v2-125d31af7935b31ea8222e2f81c0dce4_b.jpg'),(20,'user50','e10adc3949ba59abbe56e057f20f883e','https://pic1.zhimg.com/v2-125d31af7935b31ea8222e2f81c0dce4_b.jpg'),(21,'user51','e10adc3949ba59abbe56e057f20f883e','https://pic1.zhimg.com/v2-125d31af7935b31ea8222e2f81c0dce4_b.jpg'),(22,'user52','e10adc3949ba59abbe56e057f20f883e','https://pic1.zhimg.com/v2-125d31af7935b31ea8222e2f81c0dce4_b.jpg'),(23,'user53','e10adc3949ba59abbe56e057f20f883e','https://pic1.zhimg.com/v2-125d31af7935b31ea8222e2f81c0dce4_b.jpg'),(24,'user54','e10adc3949ba59abbe56e057f20f883e','https://pic1.zhimg.com/v2-125d31af7935b31ea8222e2f81c0dce4_b.jpg'),(25,'user55','e10adc3949ba59abbe56e057f20f883e','https://pic1.zhimg.com/v2-125d31af7935b31ea8222e2f81c0dce4_b.jpg'),(26,'user56','e10adc3949ba59abbe56e057f20f883e','https://pic1.zhimg.com/v2-125d31af7935b31ea8222e2f81c0dce4_b.jpg'),(27,'user57','e10adc3949ba59abbe56e057f20f883e','https://pic1.zhimg.com/v2-125d31af7935b31ea8222e2f81c0dce4_b.jpg'),(28,'user58','e10adc3949ba59abbe56e057f20f883e','https://pic1.zhimg.com/v2-125d31af7935b31ea8222e2f81c0dce4_b.jpg'),(29,'user59','e10adc3949ba59abbe56e057f20f883e','https://pic1.zhimg.com/v2-125d31af7935b31ea8222e2f81c0dce4_b.jpg'),(30,'user60','e10adc3949ba59abbe56e057f20f883e','https://pic1.zhimg.com/v2-125d31af7935b31ea8222e2f81c0dce4_b.jpg');
/*!40000 ALTER TABLE `user` ENABLE KEYS */;
UNLOCK TABLES;
/*!40103 SET TIME_ZONE=@OLD_TIME_ZONE */;

/*!40101 SET SQL_MODE=@OLD_SQL_MODE */;
/*!40014 SET FOREIGN_KEY_CHECKS=@OLD_FOREIGN_KEY_CHECKS */;
/*!40014 SET UNIQUE_CHECKS=@OLD_UNIQUE_CHECKS */;
/*!40101 SET CHARACTER_SET_CLIENT=@OLD_CHARACTER_SET_CLIENT */;
/*!40101 SET CHARACTER_SET_RESULTS=@OLD_CHARACTER_SET_RESULTS */;
/*!40101 SET COLLATION_CONNECTION=@OLD_COLLATION_CONNECTION */;
/*!40111 SET SQL_NOTES=@OLD_SQL_NOTES */;

-- Dump completed on 2024-09-06 15:59:32
