-- 1. 插入用户数据 (User)
INSERT INTO User (username, password, profile_picture) VALUES 
('张三', '密码123', 'path/to/profile1.jpg'),
('李四', '安全密码', 'path/to/profile2.jpg'),
('王五', '王五密码', 'path/to/profile3.jpg'),
('赵六', '密码456', 'path/to/profile4.jpg'),
('钱七', '密码789', 'path/to/profile5.jpg'),
('孙八', '密码abc', 'path/to/profile6.jpg'),
('周九', '密码def', 'path/to/profile7.jpg'),
('吴十', '密码ghi', 'path/to/profile8.jpg'),
('郑十一', '密码jkl', 'path/to/profile9.jpg'),
('王十二', '密码mno', 'path/to/profile10.jpg'),
('杨十三', '密码pqr', 'path/to/profile11.jpg'),
('刘十四', '密码stu', 'path/to/profile12.jpg'),
('胡十五', '密码vwx', 'path/to/profile13.jpg'),
('何十六', '密码yz1', 'path/to/profile14.jpg'),
('高十七', '密码234', 'path/to/profile15.jpg'),
('林十八', '密码567', 'path/to/profile16.jpg'),
('陈十九', '密码890', 'path/to/profile17.jpg'),
('罗二十', '密码abc123', 'path/to/profile18.jpg'),
('冯二十一', '密码def456', 'path/to/profile19.jpg'),
('唐二十二', '密码ghi789', 'path/to/profile20.jpg');

-- 2. 插入地址数据 (Address)
INSERT INTO Address (user_id, recipient_name, recipient_phone, address_line, is_default, is_deleted) VALUES 
(1, '张三', '13800000001', '北京市朝阳区三里屯路123号', TRUE, FALSE),
(2, '李四', '13800000002', '上海市浦东新区世纪大道456号', TRUE, FALSE),
(3, '王五', '13800000003', '广州市天河区天河北路789号', FALSE, FALSE),
(4, '赵六', '13800000004', '深圳市南山区科技园北路10号', TRUE, FALSE),
(5, '钱七', '13800000005', '杭州市西湖区文三路400号', TRUE, FALSE),
(6, '孙八', '13800000006', '南京市玄武区珠江路99号', FALSE, FALSE),
(7, '周九', '13800000007', '武汉市洪山区光谷大道100号', TRUE, FALSE),
(8, '吴十', '13800000008', '成都市高新区天府大道南段200号', FALSE, FALSE),
(9, '郑十一', '13800000009', '重庆市渝中区解放碑路88号', TRUE, FALSE),
(10, '王十二', '13800000010', '西安市雁塔区小寨东路300号', FALSE, FALSE),
(11, '杨十三', '13800000011', '苏州市姑苏区干将东路123号', TRUE, FALSE),
(12, '刘十四', '13800000012', '长沙市芙蓉区五一路150号', FALSE, FALSE),
(13, '胡十五', '13800000013', '合肥市包河区马鞍山路200号', TRUE, FALSE),
(14, '何十六', '13800000014', '福州市台江区五一南路250号', FALSE, FALSE),
(15, '高十七', '13800000015', '厦门市思明区环岛南路300号', TRUE, FALSE),
(16, '林十八', '13800000016', '青岛市市南区香港中路400号', FALSE, FALSE),
(17, '陈十九', '13800000017', '大连市中山区人民路500号', TRUE, FALSE),
(18, '罗二十', '13800000018', '天津市和平区南京路600号', FALSE, FALSE),
(19, '冯二十一', '13800000019', '郑州市二七区人民路700号', TRUE, FALSE),
(20, '唐二十二', '13800000020', '沈阳市沈河区中街800号', FALSE, FALSE);

-- 3. 插入商家类别数据 (Merchant_Type)
INSERT INTO Merchant_Type (type_name) VALUES 
('餐饮'),
('零售'),
('咖啡馆'),
('超市'),
('水果店'),
('快餐店'),
('甜品店'),
('书店'),
('花店'),
('健身房'),
('电器店'),
('服装店'),
('珠宝店'),
('家具店'),
('宠物店'),
('眼镜店'),
('面包房'),
('奶茶店'),
('酒吧'),
('面馆');

-- 4. 插入商家数据 (Merchant)
INSERT INTO Merchant (merchant_username, merchant_password, merchant_name, merchant_address, phone_number, opening_hours, type_id, merchant_description, is_open, delivery_fee, minimum_order_amount, packaging_fee_per_item) VALUES 
('haochidian', 'haochimima', '好吃餐厅', '北京市东城区东直门外大街1号', '010-12345678', '08:00-22:00', 1, '本店特色美食，值得一试', TRUE, 5.00, 20.00, 1.00),
('lingshiguan', 'lingshimima', '零食王国', '上海市黄浦区南京东路88号', '021-87654321', '09:00-21:00', 2, '各类零食应有尽有', TRUE, 7.00, 50.00, 2.00),
('kaifeiguan', 'kaifeimima', '咖啡馆', '广州市越秀区北京路99号', '020-11223344', '07:00-19:00', 3, '舒适的环境，香浓的咖啡', TRUE, 3.00, 10.00, 0.50),
('xianshiguo', 'xianshiguomima', '鲜水果店', '深圳市福田区华强北路101号', '0755-12345678', '08:00-20:00', 5, '新鲜水果，健康生活', TRUE, 5.00, 30.00, 1.50),
('kuaicaidian', 'kuaicaimima', '快餐店', '成都市锦江区春熙路200号', '028-12345678', '10:00-22:00', 6, '快速便捷的美味', TRUE, 4.00, 15.00, 1.00),
('tiandianfang', 'tiandianmima', '甜品坊', '杭州市西湖区湖滨路300号', '0571-12345678', '09:00-21:00', 7, '美味甜品，甜蜜时光', TRUE, 3.00, 20.00, 0.80),
('shudian', 'shudianmima', '书香书店', '南京市秦淮区中山路400号', '025-12345678', '09:00-19:00', 8, '书香四溢，知识海洋', TRUE, 0.00, 0.00, 0.00),
('huadian', 'huadianmima', '花语花店', '武汉市江汉区建设大道500号', '027-12345678', '08:00-20:00', 9, '鲜花美丽，心情美丽', TRUE, 10.00, 100.00, 5.00),
('jianshenfang', 'jianshenmima', '健康健身房', '重庆市南岸区南滨路600号', '023-12345678', '06:00-22:00', 10, '强健体魄，健康生活', TRUE, 0.00, 0.00, 0.00),
('dianqidian', 'dianqimima', '电器之家', '天津市河西区大沽南路700号', '022-12345678', '09:00-18:00', 11, '家电专家，品质保证', TRUE, 0.00, 0.00, 0.00),
('fuzhuangdian', 'fuzhuangmima', '时尚服装店', '青岛市市北区辽宁路800号', '0532-12345678', '10:00-22:00', 12, '时尚服装，引领潮流', TRUE, 0.00, 0.00, 0.00),
('zhubaodian', 'zhubaomima', '璀璨珠宝店', '福州市鼓楼区东街口900号', '0591-12345678', '10:00-22:00', 13, '精美珠宝，闪耀人生', TRUE, 0.00, 0.00, 0.00),
('jiajudian', 'jiajudianmima', '舒适家具店', '厦门市思明区鹭江道1000号', '0592-12345678', '09:00-20:00', 14, '舒适家具，温馨之家', TRUE, 0.00, 0.00, 0.00),
('chongwudian', 'chongwumima', '宠物乐园', '广州市海珠区江南大道1100号', '020-12345678', '09:00-21:00', 15, '宠物乐园，宠物的天堂', TRUE, 0.00, 0.00, 0.00),
('yanjingdian', 'yanjingmima', '明亮眼镜店', '北京市西城区西单北大街1200号', '010-87654321', '10:00-22:00', 16, '专业验光，清晰视界', TRUE, 0.00, 0.00, 0.00),
('mianbaofang', 'mianbaomima', '香甜面包房', '上海市静安区南京西路1300号', '021-11223344', '07:00-20:00', 17, '新鲜面包，香甜可口', TRUE, 0.00, 0.00, 0.00),
('naichadian', 'naichamima', '奶茶屋', '广州市天河区天河北路1400号', '020-55667788', '10:00-22:00', 18, '香浓奶茶，畅享美味', TRUE, 0.00, 0.00, 0.00),
('jiuba', 'jiubamima', '欢乐酒吧', '深圳市罗湖区人民南路1500号', '0755-99887766', '18:00-02:00', 19, '欢乐时光，尽在酒吧', TRUE, 0.00, 0.00, 0.00),
('mianguan', 'mianguanmima', '正宗面馆', '武汉市武昌区中北路1600号', '027-33445566', '11:00-21:00', 20, '正宗面条，传统味道', TRUE, 0.00, 0.00, 0.00);

-- 5. 插入商品类别数据 (Product_Category)
INSERT INTO Product_Category (merchant_id, category_name, is_deleted) VALUES 
(1, '主菜', FALSE),
(1, '饮料', FALSE),
(2, '零食', FALSE),
(2, '饮料', FALSE),
(3, '咖啡', FALSE),
(3, '甜点', FALSE),
(4, '水果', FALSE),
(5, '套餐', FALSE),
(5, '小食', FALSE),
(6, '蛋糕', FALSE),
(6, '饮料', FALSE),
(7, '文学', FALSE),
(7, '历史', FALSE),
(8, '鲜花', FALSE),
(9, '健身器材', FALSE),
(9, '营养品', FALSE),
(10, '电视', FALSE),
(10, '洗衣机', FALSE),
(11, '男装', FALSE),
(11, '女装', FALSE);

-- 6. 插入商品数据 (Product)
INSERT INTO Product (merchant_id, category_id, product_name, price, description, available, is_deleted) VALUES 
(1, 1, '烤鸡', 68.00, '美味的烤鸡，外焦里嫩', TRUE, FALSE),
(1, 2, '柠檬水', 12.00, '新鲜柠檬制成的柠檬水', TRUE, FALSE),
(2, 3, '薯片', 5.00, '脆香可口的薯片', TRUE, FALSE),
(2, 4, '可乐', 4.00, '冰凉爽口的可乐', TRUE, FALSE),
(3, 5, '拿铁咖啡', 28.00, '香浓顺滑的拿铁', TRUE, FALSE),
(3, 6, '芝士蛋糕', 25.00, '香甜浓郁的芝士蛋糕', TRUE, FALSE),
(4, 7, '苹果', 10.00, '新鲜的红富士苹果', TRUE, FALSE),
(5, 8, '商务套餐', 30.00, '丰富的商务套餐，包含主菜和饮料', TRUE, FALSE),
(5, 9, '炸鸡块', 15.00, '外脆里嫩的炸鸡块', TRUE, FALSE),
(6, 10, '巧克力蛋糕', 20.00, '浓郁的巧克力味道', TRUE, FALSE),
(6, 11, '绿茶', 8.00, '清新的绿茶饮料', TRUE, FALSE),
(7, 12, '《红楼梦》', 58.00, '经典文学名著', TRUE, FALSE),
(7, 13, '《中国历史》', 68.00, '详细的中国历史介绍', TRUE, FALSE),
(8, 14, '玫瑰花束', 120.00, '优雅的红玫瑰花束', TRUE, FALSE),
(9, 15, '跑步机', 3000.00, '高性能跑步机', TRUE, FALSE),
(9, 16, '蛋白粉', 150.00, '高质量蛋白粉', TRUE, FALSE),
(10, 17, '液晶电视', 2000.00, '高清液晶电视', TRUE, FALSE),
(10, 18, '滚筒洗衣机', 1800.00, '节能滚筒洗衣机', TRUE, FALSE),
(11, 19, '男士西装', 800.00, '高档男士西装', TRUE, FALSE),
(11, 20, '女士连衣裙', 600.00, '时尚女士连衣裙', TRUE, FALSE);

-- 7. 插入订单数据 (Orders)
INSERT INTO Orders (merchant_id, user_id, address_id, order_date, estimated_delivery_time, actual_delivery_time, payment_method, packaging_fee, delivery_fee, order_status, notes, is_deleted_by_user, is_deleted_by_merchant, total_amount) VALUES 
(1, 1, 1, '2024-09-01 12:00:00', '2024-09-01 12:45:00', '2024-09-01 12:40:00', '信用卡', 1.00, 5.00, '已送达', '请尽快送达', FALSE, FALSE, 85.00),
(2, 2, 2, '2024-09-02 13:00:00', '2024-09-02 13:45:00', '2024-09-02 13:40:00', '微信支付', 2.00, 7.00, '已送达', '无辣不欢', FALSE, FALSE, 2060.00),
(3, 3, 3, '2024-09-03 14:00:00', '2024-09-03 14:45:00', '2024-09-03 14:40:00', '支付宝', 0.50, 3.00, '已送达', '多放糖', FALSE, FALSE, 53.00),
(4, 4, 4, '2024-09-04 15:00:00', '2024-09-04 15:45:00', '2024-09-04 15:40:00', '现金', 1.50, 5.00, '已送达', '少放盐', FALSE, FALSE, 45.00),
(5, 5, 5, '2024-09-05 16:00:00', '2024-09-05 16:45:00', '2024-09-05 16:40:00', '信用卡', 2.00, 4.00, '已送达', '不要辣', FALSE, FALSE, 50.00),
(6, 6, 6, '2024-09-06 17:00:00', '2024-09-06 17:45:00', '2024-09-06 17:40:00', '微信支付', 1.00, 3.00, '已送达', '快点送达', FALSE, FALSE, 20.00),
(7, 7, 7, '2024-09-07 18:00:00', '2024-09-07 18:45:00', '2024-09-07 18:40:00', '支付宝', 0.00, 0.00, '已送达', '需要发票', FALSE, FALSE, 68.00),
(8, 8, 8, '2024-09-08 19:00:00', '2024-09-08 19:45:00', '2024-09-08 19:40:00', '信用卡', 5.00, 10.00, '已送达', '送到门口', FALSE, FALSE, 130.00),
(9, 9, 9, '2024-09-09 20:00:00', '2024-09-09 20:45:00', '2024-09-09 20:40:00', '现金', 0.00, 0.00, '已送达', '无备注', FALSE, FALSE, 3000.00),
(10, 10, 10, '2024-09-10 21:00:00', '2024-09-10 21:45:00', '2024-09-10 21:40:00', '微信支付', 0.00, 0.00, '已送达', '无备注', FALSE, FALSE, 2000.00),
(11, 11, 11, '2024-09-11 22:00:00', '2024-09-11 22:45:00', '2024-09-11 22:40:00', '支付宝', 0.00, 0.00, '已送达', '无备注', FALSE, FALSE, 800.00),
(12, 12, 12, '2024-09-12 23:00:00', '2024-09-12 23:45:00', '2024-09-12 23:40:00', '信用卡', 0.00, 0.00, '已送达', '无备注', FALSE, FALSE, 600.00),
(13, 13, 13, '2024-09-13 10:00:00', '2024-09-13 10:45:00', '2024-09-13 10:40:00', '现金', 0.00, 0.00, '已送达', '无备注', FALSE, FALSE, 58.00),
(14, 14, 14, '2024-09-14 11:00:00', '2024-09-14 11:45:00', '2024-09-14 11:40:00', '微信支付', 0.00, 0.00, '已送达', '无备注', FALSE, FALSE, 68.00),
(15, 15, 15, '2024-09-15 12:00:00', '2024-09-15 12:45:00', '2024-09-15 12:40:00', '支付宝', 0.00, 0.00, '已送达', '无备注', FALSE, FALSE, 120.00),
(16, 16, 16, '2024-09-16 13:00:00', '2024-09-16 13:45:00', '2024-09-16 13:40:00', '信用卡', 0.00, 0.00, '已送达', '无备注', FALSE, FALSE, 150.00),
(17, 17, 17, '2024-09-17 14:00:00', '2024-09-17 14:45:00', '2024-09-17 14:40:00', '现金', 0.00, 0.00, '已送达', '无备注', FALSE, FALSE, 2000.00),
(18, 18, 18, '2024-09-18 15:00:00', '2024-09-18 15:45:00', '2024-09-18 15:40:00', '微信支付', 0.00, 0.00, '已送达', '无备注', FALSE, FALSE, 28.00),
(19, 19, 19, '2024-09-19 16:00:00', '2024-09-19 16:45:00', '2024-09-19 16:40:00', '支付宝', 0.00, 0.00, '已送达', '无备注', FALSE, FALSE, 150.00),
(20, 20, 20, '2024-09-20 17:00:00', '2024-09-20 17:45:00', '2024-09-20 17:40:00', '信用卡', 0.00, 0.00, '已送达', '无备注', FALSE, FALSE, 20.00);

-- 8. 插入订单明细数据 (Order_Item)
INSERT INTO Order_Item (order_id, product_id, quantity) VALUES 
(1, 1, 1),  -- 张三的订单包含1份烤鸡
(1, 2, 2),  -- 张三的订单包含2份柠檬水
(2, 3, 4),  -- 李四的订单包含4袋薯片
(2, 4, 2),  -- 李四的订单包含2瓶可乐
(3, 5, 1),  -- 王五的订单包含1杯拿铁咖啡
(3, 6, 1),  -- 王五的订单包含1块芝士蛋糕
(4, 7, 3),  -- 赵六的订单包含3个苹果
(5, 8, 1),  -- 钱七的订单包含1个商务套餐
(5, 9, 2),  -- 钱七的订单包含2份炸鸡块
(6, 10, 1), -- 孙八的订单包含1块巧克力蛋糕
(6, 11, 2), -- 孙八的订单包含2杯绿茶
(7, 12, 1), -- 周九的订单包含1本《红楼梦》
(7, 13, 1), -- 周九的订单包含1本《中国历史》
(8, 14, 1), -- 吴十的订单包含1束玫瑰花
(9, 15, 1), -- 郑十一的订单包含1台跑步机
(10, 16, 1), -- 王十二的订单包含1盒蛋白粉
(11, 17, 1), -- 杨十三的订单包含1台液晶电视
(12, 18, 1), -- 刘十四的订单包含1台滚筒洗衣机
(13, 19, 1), -- 胡十五的订单包含1套男士西装
(14, 20, 1); -- 何十六的订单包含1件女士连衣裙